t,th1,w1,th2,w2,l1,l2,l3,l4
0,1,-3,-1,5,0,0,0,0
0.04,0.874141,-3.31025,-0.782785,5.91442,0.241223,0.0442639,0.0490685,-0.391533
0.08,0.733339,-3.75993,-0.521421,7.24144,0.691699,0.0788524,0.0702504,-0.867543
0.12,0.570421,-4.42366,-0.194889,9.19679,0.973141,0.199514,0.0570005,-1.09903
0.16,0.378544,-5.10398,0.216833,11.176,0.489506,0.526899,0.263815,-0.94814
0.2,0.175363,-4.89522,0.656618,10.2943,1.92406,-0.391831,0.299503,-1.59115
0.24,-0.00751325,-4.26188,1.02145,7.96399,1.70512,-0.231,0.232653,-1.67765
0.28,-0.168726,-3.83935,1.30103,6.10481,1.34114,-0.0161084,0.249668,-1.63504
0.32,-0.317373,-3.62053,1.51518,4.65014,1.02341,0.252699,0.298066,-1.61538
0.36,-0.460075,-3.53071,1.67566,3.39885,0.787514,0.498019,0.366755,-1.61568
0.4,-0.600721,-3.50815,1.78883,2.28219,0.768235,0.520609,0.47233,-1.62925
0.44,-0.740904,-3.49947,1.8604,1.32878,0.953952,0.290832,0.642768,-1.67018
0.48,-0.880307,-3.46381,1.89812,0.598311,1.14296,0.00425603,0.892033,-1.75883
0.52,-1.01735,-3.37976,1.9117,0.124092,1.25596,-0.238398,1.20202,-1.89999
0.56,-1.15,-3.24422,1.91132,-0.10545,1.29451,-0.408606,1.52978,-2.0773
0.6,-1.27631,-3.06531,1.90595,-0.134248,1.27358,-0.502914,1.83499,-2.26489
0.64,-1.39481,-2.85569,1.90248,-0.0200661,1.20657,-0.537403,2.10052,-2.44005
0.68,-1.50454,-2.62873,1.90546,0.178323,1.1071,-0.540653,2.32853,-2.58794
0.72,-1.60504,-2.39648,1.91717,0.408617,0.994408,-0.541467,2.52301,-2.70108
0.76,-1.69631,-2.16841,1.93801,0.629526,0.895675,-0.554714,2.6722,-2.77762
0.8,-1.77865,-1.95075,1.96702,0.812955,0.837486,-0.562342,2.73685,-2.81996
0.84,-1.85255,-1.74642,2.00234,0.943566,0.828942,-0.520693,2.67315,-2.83379
0.88,-1.91855,-1.55565,2.04173,1.01615,0.857858,-0.419149,2.49417,-2.82764
0.92,-1.97716,-1.37692,2.08288,1.03209,0.905142,-0.28883,2.26372,-2.81283
0.96,-2.02883,-1.20785,2.12361,0.99625,0.956684,-0.156119,2.03769,-2.80336
1,-2.07389,-1.04593,2.16197,0.914839,1.00504,-0.030367,1.84832,-2.81414
1.04,-2.11257,-0.888916,2.19627,0.794255,1.04716,0.0872839,1.71093,-2.85648
1.08,-2.14504,-0.735043,2.22507,0.640663,1.08258,0.197553,1.62738,-2.93311
1.12,-2.1714,-0.58311,2.24716,0.459943,1.11265,0.300518,1.58906,-3.03773
1.16,-2.19171,-0.432444,2.26158,0.257766,1.14055,0.39467,1.58276,-3.15973
1.2,-2.20601,-0.282823,2.26757,0.0396917,1.17159,0.476537,1.5961,-3.28926
1.24,-2.21435,-0.134364,2.26462,-0.188806,1.21307,0.540863,1.61968,-3.41949
1.28,-2.21678,0.0126145,2.2524,-0.422362,1.27331,0.581833,1.64694,-3.54643
1.32,-2.21336,0.15773,2.23083,-0.655797,1.35921,0.59555,1.67316,-3.6681
1.36,-2.20419,0.300689,2.2,-0.884192,1.47362,0.582688,1.69474,-3.78376
1.4,-2.18934,0.441433,2.16022,-1.10293,1.61439,0.549212,1.7087,-3.89327
1.44,-2.1689,0.580266,2.11196,-1.30768,1.77597,0.50438,1.71273,-3.99686
1.48,-2.14293,0.717988,2.05585,-1.49421,1.95185,0.457648,1.70541,-4.09489
1.52,-2.11146,0.855987,1.99272,-1.65826,2.13613,0.416497,1.68638,-4.18765
1.56,-2.07442,0.9963,1.92355,-1.79522,2.32353,0.385771,1.65647,-4.27522
1.6,-2.03169,1.14158,1.84953,-1.90011,2.50864,0.368022,1.61738,-4.35714
1.64,-1.98299,1.29488,1.77203,-1.96815,2.68494,0.364092,1.57117,-4.43193
1.68,-1.92795,1.45902,1.69261,-1.99655,2.84408,0.3735,1.51958,-4.4965
1.72,-1.8661,1.63559,1.61281,-1.98807,2.97613,0.394784,1.46303,-4.54566
1.76,-1.79695,1.82345,1.53388,-1.9562,3.07067,0.427082,1.39876,-4.57245
1.8,-1.72014,2.01776,1.45625,-1.92921,3.11858,0.475298,1.31727,-4.57015
1.84,-1.63555,2.21058,1.37892,-1.94921,3.11308,0.559237,1.19861,-4.53732
1.88,-1.54342,2.39378,1.29906,-2.06347,3.04933,0.714692,1.02147,-4.48639
1.92,-1.44423,2.56347,1.21206,-2.31118,2.92475,0.96544,0.798767,-4.45062
1.96,-1.33847,2.72411,1.11209,-2.71406,2.74536,1.294,0.587473,-4.4701
2,-1.22624,2.89041,0.99277,-3.27922,2.54499,1.65238,0.424967,-4.55662
2.04,-1.10684,3.08733,0.847463,-4.01717,2.40479,1.97367,0.299434,-4.69393
2.08,-0.978367,3.35118,0.668558,-4.97099,2.40038,2.21585,0.188519,-4.86663
2.12,-0.837158,3.73495,0.44548,-6.25198,2.51882,2.41139,0.093385,-5.06013
2.16,-0.677048,4.30536,0.161566,-8.03841,2.72475,2.52857,0.0788399,-5.23485
2.2,-0.490927,4.9763,-0.202077,-10.0494,2.89159,2.1313,0.564943,-5.28674
2.24,-0.287883,5.02312,-0.612305,-9.94973,2.57911,2.43034,0.634561,-5.3534
2.28,-0.0974845,4.47886,-0.968841,-7.78408,2.38536,2.89141,0.187365,-5.38226
2.32,0.0725546,4.06086,-1.23844,-5.76878,2.46854,2.62412,0.219166,-5.35635
2.36,0.230145,3.84768,-1.4352,-4.11302,2.66439,2.31464,0.325107,-5.36796
2.4,0.3822,3.77268,-1.56976,-2.63428,2.92375,2.03313,0.423822,-5.4003
2.44,0.532963,3.77354,-1.64708,-1.24462,3.20262,1.77565,0.498432,-5.42796
2.48,0.684389,3.79794,-1.67055,0.0524677,3.47065,1.5456,0.549318,-5.4506
2.52,0.836576,3.80642,-1.64464,1.21829,3.71464,1.35876,0.577208,-5.4844
2.56,0.988384,3.77661,-1.5752,2.22662,3.93092,1.22915,0.585046,-5.54563
2.6,1.13809,3.70103,-1.4686,3.07868,4.11777,1.15634,0.584923,-5.6426
2.64,1.28386,3.58017,-1.33076,3.79188,4.27212,1.12774,0.593248,-5.7736
2.68,1.42393,3.41608,-1.16687,4.38312,4.38942,1.13021,0.618973,-5.92837
2.72,1.55658,3.2094,-0.981633,4.85929,4.46576,1.15752,0.66043,-6.09439
2.76,1.68011,2.95977,-0.779697,5.21728,4.50149,1.20906,0.710023,-6.2631
2.8,1.79281,2.6684,-0.565907,5.45132,4.50554,1.28266,0.759287,-6.43104
2.84,1.89309,2.34076,-0.345238,5.56234,4.49716,1.36689,0.80244,-6.59669
2.88,1.97972,1.98735,-0.122391,5.56349,4.50081,1.44096,0.838214,-6.7574
2.92,2.05192,1.62183,0.098698,5.47912,4.53506,1.48545,0.86898,-6.90884
2.96,2.10949,1.2577,0.315199,5.33918,4.60628,1.49192,0.898211,-7.04678
3,2.1527,0.905574,0.525488,5.17318,4.71243,1.4619,0.928609,-7.16876
3.04,2.18218,0.571828,0.72905,5.00669,4.84903,1.4014,0.961643,-7.27435
3.08,2.19872,0.258717,0.926295,4.86036,5.0109,1.31812,0.99779,-7.36446
3.12,2.20314,-0.0347405,1.11837,4.75055,5.19112,1.22076,1.03688,-7.44012
3.16,2.19617,-0.311444,1.307,4.68977,5.37909,1.11854,1.0784,-7.50097
3.2,2.17841,-0.574378,1.4943,4.68495,5.557,1.02107,1.12198,-7.54355
3.24,2.15039,-0.823724,1.68248,4.7312,5.69413,0.938733,1.16852,-7.55967
3.28,2.11277,-1.053,1.87312,4.8005,5.74318,0.883412,1.22166,-7.53745
3.32,2.06661,-1.24802,2.0661,4.83765,5.65529,0.870445,1.28484,-7.47197
3.36,2.01357,-1.39605,2.25895,4.78812,5.4362,0.919649,1.33962,-7.38596
3.4,1.95553,-1.49995,2.44785,4.6432,5.20356,1.02554,1.32993,-7.32637
3.44,1.89393,-1.57719,2.6296,4.43809,5.08857,1.12178,1.2436,-7.31848
3.48,1.82945,-1.64658,2.80261,4.21074,5.08674,1.17843,1.13189,-7.35243
3.52,1.76213,-1.72119,2.96642,3.97939,5.14468,1.21992,1.02467,-7.41242
3.56,1.69158,-1.80913,3.12091,3.7442,5.23211,1.26965,0.92772,-7.48974
3.6,1.61714,-1.91613,3.26576,3.49429,5.33373,1.33963,0.84158,-7.57983
3.64,1.53797,-2.04723,3.40003,3.21263,5.4426,1.43105,0.76652,-7.6792
3.68,1.45298,-2.20697,3.52209,2.87996,5.56125,1.53275,0.703277,-7.78498
3.72,1.36099,-2.3982,3.62954,2.48084,5.70616,1.61666,0.654144,-7.89583
3.76,1.26073,-2.61933,3.71964,2.01412,5.90938,1.63679,0.623938,-8.01304
3.8,1.15116,-2.86099,3.7901,1.50641,6.20187,1.5502,0.618157,-8.14146
3.84,1.03182,-3.10456,3.84042,1.02018,6.57776,1.36365,0.634808,-8.2897
3.88,0.903105,-3.325,3.87322,0.646932,6.98904,1.15145,0.652162,-8.46856
3.92,0.766469,-3.49679,3.89501,0.486073,7.38315,1.00443,0.636508,-8.68563
3.96,0.624276,-3.60039,3.91605,0.619952,7.72448,0.954016,0.585272,-8.93635
4,0.479454,-3.62852,3.94912,1.08997,7.98933,0.965767,0.531796,-9.19893
4.04,0.334846,-3.59385,4.00748,1.87489,8.16258,0.997912,0.49883,-9.44138
4.08,0.192296,-3.5338,4.10219,2.89025,8.25047,1.02842,0.482121,-9.63867
4.12,0.0517472,-3.50369,4.24043,4.03825,8.30029,1.04893,0.459658,-9.78867
4.16,-0.0891805,-3.56239,4.42657,5.29001,8.39746,1.05679,0.405094,-9.91335
4.2,-0.235209,-3.76923,4.66624,6.74336,8.61487,1.05392,0.312184,-10.036
4.24,-0.393566,-4.18765,4.97168,8.61637,8.91805,1.04188,0.218013,-10.1137
4.28,-0.572503,-4.74303,5.36075,10.7733,8.80954,0.987397,0.24313,-9.75936
4.32,-0.764188,-4.6741,5.80556,10.9459,8.41978,1.51063,-0.0651623,-9.56702
4.36,-0.93641,-3.90808,6.20611,9.00877,8.73994,1.34269,-0.0380572,-9.96131
4.4,-1.07852,-3.23072,6.53313,7.46419,8.36238,1.34481,-0.015964,-9.74185
4.44,-1.19714,-2.72198,6.81193,6.5669,7.96952,1.38777,-0.0467404,-9.37263
4.48,-1.29753,-2.30863,7.06439,6.11806,7.65149,1.50558,-0.158819,-8.98622
4.52,-1.38244,-1.9421,7.30551,5.98066,7.43898,1.69637,-0.234859,-8.76872
4.56,-1.45333,-1.60886,7.54547,6.03888,7.3882,1.80793,-0.171757,-8.77099
4.6,-1.51187,-1.33106,7.78917,6.1381,7.54552,1.6735,-0.0855116,-8.80579
4.64,-1.56104,-1.14357,8.03492,6.123,7.75055,1.40314,-0.0218535,-8.81095
4.68,-1.60461,-1.04797,8.27697,5.96056,7.80552,1.19003,0.0292713,-8.78238
4.72,-1.64564,-1.01021,8.51093,5.73517,7.7059,1.06012,0.0714179,-8.70368
4.76,-1.68574,-0.997035,8.73611,5.53259,7.51646,0.988611,0.110591,-8.58251
4.8,-1.7255,-0.991437,8.95441,5.39438,7.28687,0.963551,0.15487,-8.44284
4.84,-1.76508,-0.987828,9.1687,5.33344,7.04811,0.9875,0.206817,-8.31136
4.88,-1.80454,-0.985533,9.38215,5.3524,6.83208,1.06375,0.25464,-8.20857
4.92,-1.84395,-0.984754,9.59795,5.45089,6.68693,1.16442,0.27448,-8.13192
4.96,-1.88332,-0.983168,9.81921,5.62328,6.63711,1.23141,0.253443,-8.04063
5,-1.92246,-0.970749,10.0485,5.8458,6.60327,1.25275,0.192419,-7.85926
5.04,-1.96051,-0.922971,10.2867,6.05594,6.50957,1.25954,0.0991231,-7.58102
5.08,-1.99534,-0.803666,10.5315,6.15832,6.66886,1.25817,0.124608,-7.71715
5.12,-2.02356,-0.592996,10.7773,6.10617,6.97227,1.27632,0.157587,-8.09757
5.16,-2.04178,-0.30856,11.0187,5.96118,7.04714,1.30424,0.138209,-8.26097
5.2,-2.04768,0.0187671,11.2542,5.81531,6.95062,1.30743,0.112127,-8.23799
5.24,-2.03997,0.370129,11.4846,5.71362,6.79214,1.24035,0.111609,-8.09758
5.28,-2.01785,0.738349,11.7119,5.65622,6.64888,1.05662,0.205431,-7.92743
5.32,-1.98072,1.1199,11.9374,5.62056,6.55903,0.851321,0.44538,-7.91012
5.36,-1.92815,1.50965,12.1614,5.57378,6.51742,1.05333,0.487423,-8.12767
5.4,-1.85996,1.89863,12.3826,5.47771,6.4947,1.49302,0.356575,-8.41085
5.44,-1.77643,2.27418,12.5984,5.29218,6.46572,1.87832,0.260192,-8.65583
5.48,-1.6784,2.6217,12.8043,4.97949,6.42121,2.19501,0.201153,-8.84863
5.52,-1.56725,2.92766,12.9946,4.50963,6.36534,2.4606,0.161027,-8.99895
5.56,-1.44487,3.18261,13.1627,3.86416,6.3071,2.68456,0.1279,-9.11887
5.6,-1.31337,3.38325,13.3014,3.0374,6.25245,2.87212,0.0951349,-9.21694
5.64,-1.17488,3.53368,13.4034,2.03551,6.20415,3.02667,0.0580924,-9.29648
5.68,-1.03118,3.64687,13.4621,0.874827,6.16608,3.1521,0.00982131,-9.35688
5.72,-0.883322,3.74653,13.4715,-0.422924,6.1451,3.25899,-0.0613321,-9.39732
5.76,-0.731167,3.86868,13.4266,-1.84542,6.15569,3.36147,-0.166334,-9.42091
5.8,-0.572884,4.06222,13.3219,-3.41728,6.23696,3.44661,-0.298769,-9.43565
5.84,-0.404442,4.3865,13.1501,-5.22063,6.40323,3.49098,-0.410276,-9.44784
5.88,-0.21977,4.86457,12.9007,-7.25734,6.36957,3.61997,-0.338534,-9.44572
5.92,-0.0167703,5.2083,12.5785,-8.55123,7.36414,2.06555,0.318019,-9.41325
5.96,0.187526,4.91883,12.2515,-7.45963,7.93868,2.01808,-0.320403,-9.4129
6,0.374325,4.43351,11.9937,-5.42117,7.8956,2.08791,-0.50322,-9.43209
6.04,0.544335,4.09435,11.8146,-3.58379,7.85222,1.99785,-0.442693,-9.45509
6.08,0.703704,3.89192,11.7038,-1.98591,7.8795,1.85439,-0.327573,-9.47887
6.12,0.856707,3.76656,11.6537,-0.541678,7.9363,1.70873,-0.204317,-9.50023
6.16,1.00537,3.6677,11.6589,0.778545,7.99128,1.58181,-0.0879136,-9.51952
6.2,1.14997,3.55765,11.7142,1.96404,8.03112,1.48413,0.0136009,-9.54141
6.24,1.28949,3.41112,11.8139,2.99232,8.0521,1.42789,0.0925191,-9.57394
6.28,1.42217,3.21388,11.9512,3.84549,8.05512,1.42871,0.140007,-9.62662
6.32,1.54586,2.96089,12.1191,4.51587,8.04655,1.49518,0.150339,-9.70702
6.36,1.65833,2.65485,12.3101,5.00803,8.04008,1.61403,0.128558,-9.81666
6.4,1.75766,2.30497,12.5176,5.33982,8.05388,1.75027,0.0904489,-9.94886
6.44,1.84233,1.92489,12.7356,5.54149,8.1024,1.86685,0.0525623,-10.0909
6.48,1.91144,1.52958,12.9597,5.65173,8.19132,1.94145,0.0247004,-10.2292
6.52,1.96467,1.13218,13.187,5.71227,8.31975,1.96722,0.0100498,-10.3526
6.56,2.00212,0.742014,13.4165,5.76308,8.48225,1.94712,0.0082018,-10.4535
6.6,2.0242,0.364638,13.6484,5.83859,8.66582,1.89071,0.0173481,-10.524
6.64,2.03151,0.00433025,13.8843,5.96148,8.84232,1.81267,0.035089,-10.5513
6.68,2.02489,-0.329611,14.1259,6.12727,8.95639,1.73231,0.0581429,-10.5099
6.72,2.0058,-0.61387,14.3743,6.27874,8.9167,1.67748,0.0800528,-10.3605
6.76,1.97692,-0.813723,14.6266,6.31228,8.64601,1.70256,0.081112,-10.1003
6.8,1.94204,-0.915483,14.8769,6.17729,8.29419,1.84486,0.0361967,-9.90528
6.84,1.90462,-0.947154,15.1195,5.94455,8.20051,1.8925,0.00290162,-9.93066
6.88,1.86667,-0.94764,15.3526,5.7173,8.29259,1.78551,-0.00234508,-10.0178
6.92,1.82892,-0.939886,15.5778,5.55409,8.46234,1.60464,-0.00386743,-10.0868
6.96,1.79148,-0.931932,15.798,5.4747,8.67652,1.41757,-0.00857619,-10.1525
7,1.75435,-0.924767,16.0169,5.4835,8.90841,1.27894,-0.0173153,-10.2375
7.04,1.7175,-0.917527,16.2379,5.58097,9.14025,1.21439,-0.0306723,-10.3489
7.08,1.68094,-0.911274,16.4645,5.7636,9.35361,1.22919,-0.0507633,-10.4758
7.12,1.64448,-0.91444,16.6999,6.01165,9.51375,1.32614,-0.0823544,-10.5939
7.16,1.60734,-0.951514,16.9455,6.26371,9.55584,1.522,-0.133666,-10.6747
7.2,1.56733,-1.06554,17.1995,6.40684,9.40673,1.83961,-0.209933,-10.7065
7.24,1.5206,-1.28911,17.4555,6.36316,9.13407,2.18073,-0.285647,-10.7213
7.28,1.46296,-1.60443,17.7072,6.21841,9.03613,2.24826,-0.289297,-10.785
7.32,1.39162,-1.96834,17.9542,6.16071,9.18209,2.04145,-0.177765,-10.9633
7.36,1.30508,-2.36458,18.2032,6.34338,9.47316,1.79406,-0.0517128,-11.2411
7.4,1.20172,-2.81681,18.4664,6.88511,9.84944,1.65111,-0.0320415,-11.5411
7.44,1.07822,-3.38385,18.7609,7.94398,10.2708,1.59867,-0.0966755,-11.7926
7.48,0.928563,-4.12584,19.1113,9.68298,10.564,1.59803,-0.177925,-11.8268
7.52,0.749003,-4.75957,19.5346,11.211,9.3312,1.85767,-0.243502,-10.6154
7.56,0.561023,-4.50974,19.9674,10.0186,10.6884,1.38006,-0.11295,-11.7572
7.6,0.391638,-3.97898,20.3248,7.88966,10.5289,1.40947,-0.018376,-11.9209
7.64,0.239782,-3.65056,20.6052,6.21058,10.2256,1.42223,0.0999493,-11.8236
7.68,0.0970901,-3.51023,20.8259,4.85959,10.03,1.42849,0.192367,-11.6965
7.72,-0.0427226,-3.49694,20.9958,3.65284,9.92889,1.42786,0.247791,-11.5626
7.76,-0.183602,-3.55393,21.1193,2.53855,9.82937,1.42329,0.302154,-11.41
7.8,-0.327188,-3.62265,21.201,1.57796,9.62827,1.41746,0.423261,-11.2355
7.84,-0.472868,-3.65135,21.249,0.876952,9.22623,1.41361,0.708905,-11.0549
7.88,-0.618341,-3.60935,21.2756,0.507436,8.43655,1.50156,1.27701,-10.8913
7.92,-0.760579,-3.49021,21.2941,0.473403,8.10947,1.87286,1.10731,-10.7631
7.96,-0.896677,-3.30532,21.3172,0.720641,8.91956,1.66873,0.40362,-10.6874
8,-1.02442,-3.07684,21.3543,1.15914,9.29413,1.61429,0.0267471,-10.6756
8.04,-1.1426,-2.8317,21.4111,1.68702,9.46151,1.5878,-0.139729,-10.714
8.08,-1.25107,-2.59489,21.4893,2.21659,9.52288,1.55848,-0.190063,-10.7713
8.12,-1.35054,-2.38359,21.5877,2.69403,9.54058,1.51529,-0.183873,-10.8282
8.16,-1.4422,-2.20537,21.7039,3.10219,9.56078,1.45734,-0.153307,-10.8858
8.2,-1.52742,-2.06063,21.8351,3.44944,9.61193,1.39321,-0.114931,-10.9539
8.24,-1.60746,-1.94612,21.9793,3.75574,9.70383,1.33613,-0.0777702,-11.0389
8.28,-1.68345,-1.85734,22.1353,4.0428,9.83182,1.29715,-0.0461768,-11.1379
8.32,-1.75632,-1.78907,22.3027,4.32809,9.98088,1.28392,-0.0208742,-11.242
8.36,-1.82675,-1.73378,22.4816,4.6182,10.124,1.30535,0.000534216,-11.3399
8.4,-1.89502,-1.67769,22.672,4.89751,10.2147,1.37745,0.0248711,-11.4226
8.44,-1.96064,-1.59662,22.8726,5.1162,10.1864,1.52401,0.0649889,-11.4894
8.48,-2.02202,-1.46171,23.0796,5.20834,10.0006,1.7466,0.127582,-11.5466
8.52,-2.07669,-1.26207,23.2874,5.16236,9.77193,1.9337,0.183693,-11.5867
8.56,-2.12234,-1.0149,23.4917,5.05127,9.69665,1.93792,0.183121,-11.5909
8.6,-2.15756,-0.74343,23.6918,4.96157,9.7626,1.83181,0.105668,-11.5669
8.64,-2.18165,-0.458869,23.8895,4.93815,9.89266,1.72618,-0.0176617,-11.5543
8.68,-2.19411,-0.161644,24.0879,4.99018,10.0467,1.66068,-0.122403,-11.6045
8.72,-2.19436,0.152255,24.2897,5.11043,10.2038,1.64165,-0.167906,-11.7385
8.76,-2.18165,0.487011,24.4974,5.28544,10.3527,1.66606,-0.16803,-11.9274
8.8,-2.15509,0.844514,24.713,5.49792,10.4858,1.72916,-0.155968,-12.127
8.84,-2.11381,1.2226,24.9375,5.72595,10.5962,1.82544,-0.152554,-12.3066
8.88,-2.05711,1.61379,25.1709,5.94177,10.6768,1.94814,-0.1649,-12.4497
8.92,-1.9847,2.00505,25.4122,6.11288,10.7232,2.08873,-0.193496,-12.5489
8.96,-1.89692,2.37985,25.6589,6.20765,10.7391,2.23578,-0.236908,-12.6056
9,-1.79475,2.72261,25.9075,6.20547,10.7449,2.37237,-0.292845,-12.6326
9.04,-1.67967,3.02405,26.1541,6.10696,10.7799,2.47432,-0.355818,-12.6569
9.08,-1.55338,3.2838,26.3951,5.9365,10.889,2.51649,-0.414213,-12.7127
9.12,-1.41743,3.50855,26.6286,5.73379,11.0926,2.49187,-0.453308,-12.8279
9.16,-1.27304,3.70735,26.854,5.54049,11.371,2.4226,-0.464664,-13.0111
9.2,-1.12109,3.8875,27.0724,5.39042,11.6878,2.34019,-0.451143,-13.2515
9.24,-0.962237,4.05283,27.2861,5.30659,12.0163,2.2633,-0.422004,-13.5293
9.28,-0.797055,4.20379,27.498,5.3035,12.3438,2.19703,-0.385816,-13.8266
9.32,-0.626152,4.33839,27.7116,5.39123,12.6651,2.14116,-0.348149,-14.1315
9.36,-0.450248,4.45318,27.9306,5.57947,12.977,2.09589,-0.312551,-14.4374
9.4,-0.270223,4.54352,28.1594,5.87988,13.2747,2.06345,-0.281331,-14.7401
9.44,-0.0871797,4.60272,28.4027,6.30537,13.5493,2.04733,-0.254683,-15.036
9.48,0.0974324,4.61938,28.6656,6.86388,13.7871,2.05085,-0.228649,-15.3218
9.52,0.281532,4.57241,28.9534,7.54438,13.9684,2.0773,-0.19432,-15.5951
9.56,0.461909,4.42604,29.2702,8.29814,14.0745,2.13335,-0.14336,-15.8576
9.6,0.63365,4.13237,29.617,9.03334,14.1091,2.23089,-0.0863277,-16.1173
9.64,0.789969,3.65053,29.9912,9.65243,14.132,2.36743,-0.0667442,-16.3816
9.68,0.923069,2.97411,30.3872,10.1276,14.2268,2.50113,-0.115581,-16.642
9.72,1.02573,2.13617,30.8007,10.5538,14.4197,2.5879,-0.210903,-16.8719
9.76,1.0924,1.18086,31.2337,11.1427,14.7182,2.59203,-0.323134,-17.0351
9.8,1.11907,0.143476,31.6981,12.1682,15.0673,2.51252,-0.43836,-17.0564
9.84,1.10462,-0.811112,32.2128,13.5407,14.9889,2.44797,-0.558209,-16.5954
9.88,1.06474,-1.00916,32.7626,13.589,14.2142,2.67179,-0.33404,-16.2623
9.92,1.03518,-0.408656,33.2791,12.191,14.6964,2.61984,-0.322969,-16.9071
9.96,1.03293,0.28705,33.7442,11.1835,14.4166,2.66141,-0.227127,-16.9053
10,1.05724,0.918658,34.1828,10.8483,14.4079,2.32725,-0.103027,-16.7051
10.04,1.10582,1.50413,34.6193,11.0547,14.6024,1.90051,-0.102042,-16.3924
10.08,1.17687,2.03299,35.0727,11.6643,14.7085,1.88855,-0.369329,-16.0747
10.12,1.26613,2.37983,35.5538,12.3621,14.4081,2.12108,-0.246585,-15.9916
10.16,1.36123,2.2829,36.054,12.5038,13.7119,2.44805,0.336341,-16.1795
10.2,1.44148,1.65961,36.5426,11.8296,14.3964,1.88346,0.172771,-16.2524
10.24,1.49058,0.777198,36.9976,10.9394,14.3512,1.62369,0.0482805,-15.983
10.28,1.50328,-0.140022,37.4226,10.3961,14.124,2.01165,-0.643481,-15.5573
10.32,1.4795,-1.05161,37.8375,10.4703,14.401,2.24953,-0.886871,-15.8259
10.36,1.41852,-2.00784,38.2712,11.364,14.925,2.11849,-0.792672,-16.1724
10.4,1.31917,-2.90493,38.7555,12.8108,14.705,2.0132,-0.804097,-15.6223
10.44,1.19767,-2.99404,39.2714,12.572,14.8449,2.05044,-0.433412,-16.2028
10.48,1.08909,-2.40551,39.7416,10.9413,14.8404,2.18404,-0.49428,-16.4944
10.52,1.0044,-1.84951,40.1559,9.90826,14.3139,2.34996,-0.457363,-16.2846
10.56,0.939773,-1.3938,40.5441,9.61131,14.2244,2.05252,-0.347946,-15.9753
10.6,0.892208,-0.992845,40.9324,9.88769,14.56,1.56276,-0.243984,-15.7855
10.64,0.859145,-0.690172,41.3393,10.4637,14.6142,1.78153,-0.320481,-15.8132
10.68,0.832762,-0.701215,41.7647,10.6873,13.9555,2.7452,-0.355563,-16.0268
10.72,0.797088,-1.13901,42.1847,10.2464,13.9029,2.88119,-0.432836,-16.1558
10.76,0.738916,-1.78671,42.5851,9.84795,14.0722,2.62691,-0.75716,-15.9246
10.8,0.653133,-2.51831,42.9813,10.1039,14.6096,2.23133,-1.21848,-15.7032
10.84,0.535364,-3.40903,43.4071,11.3938,15.2573,2.00008,-1.06064,-16.212
10.88,0.376993,-4.51115,43.9107,13.895,15.4614,1.89606,-0.864554,-16.2622
10.92,0.186741,-4.71667,44.4901,14.3087,15.3226,1.92785,-0.534199,-16.4449
10.96,0.017182,-3.72463,45.0102,11.6743,15.3531,1.9376,-0.677411,-16.6039
11,-0.11441,-2.90263,45.4399,10.0231,14.7214,1.97641,-0.682634,-16.1047
11.04,-0.217846,-2.29399,45.8257,9.40255,14.1706,1.9433,-0.746981,-15.3798
11.08,-0.299382,-1.80023,46.2009,9.43971,14.0909,1.73298,-0.699959,-14.9658
11.12,-0.363831,-1.46026,46.5841,9.71021,13.8908,1.61855,-0.278871,-14.9301
11.16,-0.420361,-1.42234,46.973,9.66163,13.9145,1.90523,-0.1056,-15.4335
11.2,-0.481413,-1.66226,47.3533,9.3531,14.0309,1.91919,-0.247182,-15.5804
11.24,-0.554981,-2.03074,47.7248,9.29878,14.1573,1.53192,-0.393595,-15.33
11.28,-0.645113,-2.49575,48.1048,9.8153,14.7115,1.26349,-0.49104,-15.573
11.32,-0.756798,-3.1214,48.521,11.1577,15.2895,1.35592,-0.46339,-16.1657
11.36,-0.896705,-3.84412,49.0088,13.2304,15.3206,1.45204,-0.365206,-16.1534
11.4,-1.05211,-3.70538,49.5506,13.2971,15.0543,2.14038,-0.781094,-16.1536
11.44,-1.18057,-2.68271,50.0444,11.4091,15.1092,1.90413,-0.951449,-16.0398
11.48,-1.26799,-1.71105,50.4768,10.393,14.5492,1.95939,-1.08903,-15.5111
11.52,-1.31857,-0.823847,50.8888,10.3511,14.4825,2.03608,-0.361073,-16.2072
11.56,-1.334,0.0494598,51.3143,11.0135,14.7417,2.03094,-0.139696,-16.5346
11.6,-1.31595,0.81105,51.7735,11.9206,14.5055,2.04844,-0.015914,-16.2748
11.64,-1.27517,1.12914,52.2586,12.1562,14.3257,1.9941,-0.773899,-15.243
11.68,-1.23328,0.89713,52.7327,11.4538,14.8831,1.94634,-0.536768,-16.1135
11.72,-1.20648,0.42772,53.1737,10.6419,14.7537,1.82589,-0.487224,-16.0756
11.76,-1.19946,-0.0778522,53.5898,10.2517,14.4956,1.49645,-0.563955,-15.5111
11.8,-1.2129,-0.599511,54.0015,10.4344,14.6289,1.22407,-0.57039,-15.359
11.84,-1.24809,-1.16799,54.4335,11.2799,15.0528,1.44374,-0.458938,-15.9823
11.88,-1.30591,-1.6798,54.9106,12.5599,14.9358,1.60309,-0.517078,-15.7635
11.92,-1.37365,-1.55712,55.4222,12.707,14.79,1.52824,-0.182026,-15.8558
11.96,-1.42038,-0.720555,55.9081,11.5351,15.0994,1.31747,-0.248997,-16.0803
12,-1.43005,0.234632,56.3503,10.6789,14.7488,0.873529,-0.322558,-15.3592
12.04,-1.40205,1.1594,56.7698,10.3722,14.5337,1.56549,-0.302009,-15.8933
12.08,-1.33774,2.04862,57.1847,10.4083,14.5387,2.21619,-0.28355,-16.5159
12.12,-1.23906,2.86889,57.6043,10.5793,14.5513,2.56002,-0.269297,-16.7811
12.16,-1.11008,3.55073,58.0305,10.7172,14.4788,2.77818,-0.25169,-16.8249
12.2,-0.957753,4.02863,58.4601,10.7458,14.3867,2.86494,-0.262082,-16.7168
12.24,-0.790796,4.28274,58.8895,10.7247,14.437,2.78929,-0.375115,-16.5429
12.28,-0.617917,4.32722,59.3191,10.7751,14.6225,2.63401,-0.56794,-16.4096
12.32,-0.447368,4.16433,59.7532,10.9489,14.8224,2.45749,-0.652356,-16.4318
12.36,-0.287796,3.77525,60.1962,11.2108,15.0273,2.2542,-0.495558,-16.704
12.4,-0.148511,3.15095,60.6508,11.5371,15.2389,2.07984,-0.202768,-17.1446
12.44,-0.038624,2.31008,61.1211,12.016,15.463,1.98511,0.0308635,-17.5725
12.48,0.0337519,1.27861,61.6173,12.8946,15.781,1.95051,0.0837728,-17.8782
12.52,0.0614626,0.0925873,62.163,14.5276,16.1193,1.94678,-0.0459454,-17.9129
12.56,0.0443013,-0.795021,62.783,16.2288,15.0164,2.00911,-0.0542799,-16.6684
12.6,0.0192636,-0.237305,63.4178,15.0802,16.1617,1.94356,-0.085503,-17.8518
12.64,0.0331576,0.937712,63.982,13.2415,15.9239,2.01098,-0.00229356,-17.9696
12.68,0.0925164,2.00093,64.4884,12.199,15.5686,2.00596,0.0547052,-17.7326
12.72,0.19082,2.88284,64.9647,11.6698,15.3207,1.96299,0.0324913,-17.3748
12.76,0.320451,3.56288,65.425,11.3674,15.125,2.07106,-0.141621,-17.0084
12.8,0.472805,4.01588,65.8753,11.16,14.986,2.30684,-0.342387,-16.7849
12.84,0.638593,4.23501,66.3188,11.0312,14.9164,2.50394,-0.378058,-16.7814
12.88,0.808575,4.22594,66.759,10.9934,14.8715,2.70071,-0.345587,-16.9251
12.92,0.973544,3.98186,67.1987,10.99,14.8338,2.9063,-0.360419,-17.1084
12.96,1.12384,3.49305,67.6371,10.9078,14.7803,3.04277,-0.398416,-17.2468
13,1.25011,2.79115,68.0697,10.7087,14.6645,3.11219,-0.426368,-17.2955
13.04,1.34531,1.95293,68.4935,10.4921,14.4632,3.17741,-0.445556,-17.2478
13.08,1.40553,1.05146,68.9113,10.4388,14.1752,3.30583,-0.471023,-17.113
13.12,1.42901,0.117371,69.3336,10.7613,13.8127,3.55306,-0.531394,-16.8956
13.16,1.41447,-0.845926,69.78,11.6629,13.4945,3.86117,-0.668194,-16.5945
13.2,1.36292,-1.66223,70.2713,12.8243,13.8759,3.40374,-0.742411,-16.2567
13.24,1.29239,-1.71432,70.7846,12.5274,14.6816,2.12502,-0.593912,-15.978
13.28,1.23393,-1.17441,71.2595,11.2226,14.5093,2.1072,-0.549257,-16.0391
13.32,1.19855,-0.603529,71.69,10.4237,14.1704,2.53489,-0.539149,-16.2595
13.36,1.18499,-0.079724,72.1023,10.2948,13.931,2.9191,-0.576067,-16.3623
13.4,1.19201,0.429124,72.5213,10.7398,13.8608,3.10491,-0.648785,-16.2951
13.44,1.21878,0.889677,72.967,11.5806,13.9567,2.96355,-0.781162,-15.9517
13.48,1.25953,1.07022,73.4451,12.2073,14.0306,2.67678,-0.501411,-15.9091
13.52,1.29639,0.677601,73.9293,11.837,13.8777,3.21855,-0.277343,-16.5849
13.56,1.30831,-0.115505,74.3845,10.9181,13.7385,3.54077,-0.314453,-16.9023
13.6,1.28617,-0.992978,74.8077,10.3459,13.8609,3.45947,-0.372733,-17.0232
13.64,1.22866,-1.89105,75.2223,10.5345,14.1961,3.21749,-0.456103,-17.0546
13.68,1.13347,-2.89276,75.6643,11.7563,14.6252,2.95144,-0.555705,-16.9773
13.72,0.996777,-3.87011,76.174,13.6387,14.6011,2.72679,-0.607116,-16.4468
13.76,0.839764,-3.76744,76.7169,12.9611,13.2424,3.95425,-0.469885,-16.5327
13.8,0.704147,-3.01172,77.1925,10.8956,13.4256,3.86369,-0.467366,-16.8594
13.84,0.596371,-2.40949,77.6014,9.70895,13.7073,3.44437,-0.42301,-16.8397
13.88,0.509424,-1.95607,77.9796,9.31251,14.2373,2.82016,-0.36753,-16.7215
13.92,0.438698,-1.59647,78.3535,9.44828,14.5981,2.39103,-0.298554,-16.5549
13.96,0.379736,-1.39027,78.7379,9.75028,14.6514,2.27626,-0.252949,-16.3972
14,0.323254,-1.4906,79.1285,9.70946,14.3292,2.63749,-0.36721,-16.3396
14.04,0.256664,-1.87094,79.5112,9.43218,14.1904,2.85249,-0.546042,-16.3979
14.08,0.17189,-2.3844,79.8878,9.49219,14.5046,2.58841,-0.600296,-16.5541
14.12,0.0642991,-3.02345,80.2801,10.2781,14.9939,2.19883,-0.540516,-16.7604
14.16,-0.0731822,-3.89871,80.7248,12.1734,15.4972,1.83819,-0.426443,-16.8772
14.2,-0.249144,-4.79635,81.2655,14.644,15.0289,1.83329,-0.154461,-16.4302
14.24,-0.434928,-4.25096,81.8378,13.3321,15.3088,2.31262,-0.251443,-17.2299
14.28,-0.582718,-3.16705,82.3213,11.0319,14.8766,2.5304,-0.2467,-17.2421
14.32,-0.691689,-2.31503,82.7381,9.99975,14.4155,2.80369,-0.299913,-17.0303
14.36,-0.769585,-1.59298,83.1339,9.92128,14.7166,2.49089,-0.396539,-16.802
14.4,-0.820164,-0.957985,83.5395,10.4105,14.9159,2.24923,-0.30372,-16.6729
14.44,-0.849636,-0.581696,83.9651,10.7753,14.4563,2.26189,0.308274,-16.7428
14.48,-0.872902,-0.64881,84.3911,10.4237,13.9357,2.63348,0.504619,-16.8776
14.52,-0.905139,-0.986105,84.796,9.84672,14.1004,2.49562,0.296677,-16.8686
14.56,-0.952722,-1.40034,85.184,9.64056,14.5009,1.8895,0.263152,-16.7538
14.6,-1.01789,-1.87123,85.5753,10.0345,15.0718,1.28638,0.191165,-16.6583
14.64,-1.10385,-2.44519,85.9969,11.1806,15.5617,1.29345,-0.124469,-16.7013
14.68,-1.21358,-2.98729,86.4769,12.7588,15.4302,1.86963,-0.303439,-16.7498
14.72,-1.33133,-2.727,86.992,12.5921,15.0332,2.28386,-0.0975582,-16.9977
14.76,-1.42239,-1.79329,87.4665,11.1555,15.1371,1.99756,-0.239371,-16.8915
14.8,-1.47503,-0.849337,87.8947,10.4017,14.8886,2.37027,-0.768534,-16.6064
14.84,-1.49082,0.0588817,88.309,10.4243,15.1141,2.4614,-0.939348,-16.7383
14.88,-1.47018,0.973823,88.7363,11.0173,15.3854,2.4782,-0.880457,-16.9704
14.92,-1.41353,1.83527,89.1943,11.8937,15.4098,2.53181,-0.925702,-16.8439
14.96,-1.32721,2.40672,89.684,12.4816,14.8548,2.61165,-0.850825,-16.3399
15,-1.22824,2.45388,90.1816,12.2719,14.7022,2.5652,0.160803,-17.1919
15.04,-1.13648,2.08861,90.6593,11.5931,15.0131,2.44251,0.166697,-17.5265
15.08,-1.06333,1.55455,91.1109,11.0385,14.9945,2.22059,0.243233,-17.5032
15.12,-1.01287,0.960917,91.5478,10.8881,15.0902,2.08531,-0.0310064,-17.2653
15.16,-0.987149,0.314181,91.9892,11.2802,15.4602,2.16082,-0.851842,-16.8651
15.2,-0.98871,-0.400458,92.4594,12.3502,15.8609,2.1588,-1.30691,-16.6617
15.24,-1.01799,-0.992845,92.9828,13.7488,15.5573,2.06216,-0.672605,-16.6969
15.28,-1.05599,-0.731977,93.5362,13.56,15.6172,2.20056,-0.617006,-16.9779
15.32,-1.06655,0.250444,94.0506,12.1493,15.7633,2.11423,-1.0927,-16.7634
15.36,-1.03554,1.28871,94.5144,11.1314,15.4781,1.85886,-0.693357,-16.7479
15.4,-0.964693,2.23562,94.9468,10.5324,15.2814,1.62908,0.217573,-17.2534
15.44,-0.858377,3.05559,95.3588,10.0749,15.1395,1.93105,0.386235,-17.5335
15.48,-0.722527,3.70539,95.7519,9.55565,14.9867,2.29115,0.356318,-17.6301
15.52,-0.564615,4.15706,96.1213,8.89283,14.8219,2.564,0.331793,-17.6304
15.56,-0.392462,4.42267,96.4618,8.12296,14.6257,2.86958,0.276459,-17.6168
15.6,-0.212709,4.54527,96.771,7.34188,14.5132,3.18727,0.149139,-17.6474
15.64,-0.0301145,4.57166,97.0502,6.63265,14.8592,3.13431,-0.0227658,-17.7388
15.68,0.152202,4.53573,97.3031,6.03505,15.3782,2.94138,-0.191515,-17.8784
15.72,0.332182,4.45727,97.5345,5.55369,15.8272,2.81961,-0.339776,-18.047
15.76,0.508364,4.34719,97.7488,5.17645,16.2044,2.75828,-0.467308,-18.2292
15.8,0.679625,4.21221,97.9498,4.88759,16.5314,2.72985,-0.575704,-18.4153
15.84,0.845077,4.0575,98.1408,4.67374,16.8214,2.71663,-0.665174,-18.6
15.88,1.00402,3.88776,98.3246,4.52532,17.0812,2.70876,-0.73547,-18.7797
15.92,1.15596,3.70733,98.5036,4.4356,17.3135,2.70141,-0.786825,-18.9517
15.96,1.30052,3.51995,98.6801,4.39888,17.5182,2.69298,-0.820211,-19.1138
16,1.43749,3.32827,98.8561,4.40842,17.6939,2.6841,-0.837206,-19.264
16.04,1.56674,3.13349,99.0333,4.45462,17.8373,2.67719,-0.839743,-19.4005
16.08,1.68813,2.93504,99.2128,4.5237,17.9441,2.67634,-0.829889,-19.5224
16.12,1.80147,2.73069,99.3952,4.59735,18.0096,2.68719,-0.809712,-19.6302
16.16,1.90646,2.51714,99.5804,4.65398,18.0299,2.71624,-0.781174,-19.7264
16.2,2.00267,2.29129,99.767,4.67193,18.0056,2.7687,-0.746056,-19.816
16.24,2.08958,2.05175,99.9534,4.63392,17.9447,2.84424,-0.705852,-19.9051
16.28,2.16665,1.80009,100.137,4.53103,17.8656,2.93221,-0.661671,-19.9991
16.32,2.23348,1.54087,100.315,4.36413,17.7933,3.01269,-0.614213,-20.0999
16.36,2.2899,1.2806,100.485,4.14212,17.7475,3.06768,-0.563852,-20.2054
16.4,2.33601,1.02611,100.646,3.8782,17.7319,3.09285,-0.510784,-20.3119
16.44,2.37215,0.783048,100.795,3.58624,17.7386,3.09493,-0.455159,-20.4152
16.48,2.39886,0.555217,100.932,3.27833,17.7592,3.08163,-0.397189,-20.5131
16.52,2.41679,0.344389,101.057,2.96392,17.7904,3.05672,-0.337254,-20.6047
16.56,2.42664,0.150629,101.17,2.64987,17.8327,3.02105,-0.276048,-20.6903
16.6,2.42905,-0.0272776,101.269,2.34108,17.8875,2.97488,-0.214761,-20.7711
16.64,2.42464,-0.191395,101.357,2.04121,17.9561,2.91969,-0.155317,-20.8484
16.68,2.41389,-0.34429,101.433,1.75331,18.0381,2.85883,-0.1006,-20.9234
16.72,2.39721,-0.488773,101.497,1.4803,18.1325,2.79752,-0.0545609,-20.9972
16.76,2.37486,-0.627722,101.552,1.22535,18.2374,2.74222,-0.021978,-21.0703
16.8,2.34703,-0.763963,101.596,0.992024,18.3505,2.69947,-0.00760903,-21.1433
16.84,2.31375,-0.900192,101.631,0.784475,18.4699,2.67433,-0.0147767,-21.2161
16.88,2.27498,-1.03894,101.659,0.607445,18.5934,2.66895,-0.0439651,-21.2886
16.92,2.23057,-1.18256,101.68,0.4663,18.7192,2.68213,-0.0923293,-21.3606
16.96,2.18028,-1.33325,101.697,0.366991,18.845,2.7102,-0.154447,-21.4314
17,2.12378,-1.49308,101.71,0.315952,18.9686,2.74863,-0.223688,-21.5002
17.04,2.06068,-1.66409,101.723,0.319832,19.0867,2.79344,-0.293299,-21.5654
17.08,1.99048,-1.84823,101.737,0.384871,19.1937,2.84241,-0.356732,-21.6251
17.12,1.91262,-2.04733,101.754,0.51547,19.2796,2.89635,-0.407261,-21.6755
17.16,1.82648,-2.26248,101.779,0.711024,19.3239,2.96224,-0.437128,-21.7112
17.2,1.73142,-2.49262,101.812,0.959341,19.2846,3.06286,-0.437406,-21.7233
17.24,1.62695,-2.73158,101.856,1.22503,19.0747,3.26652,-0.406563,-21.7008
17.28,1.51297,-2.96449,101.909,1.4362,18.694,3.61711,-0.4058,-21.637
17.32,1.39018,-3.16837,101.969,1.48774,19.1989,3.24816,-0.620608,-21.5504
17.36,1.26017,-3.3234,102.025,1.28462,19.8173,2.91168,-0.985421,-21.4929
17.4,1.12501,-3.42662,102.068,0.797522,20.1506,2.79204,-1.25256,-21.4898
17.44,0.98658,-3.48894,102.085,0.0628776,20.3176,2.73166,-1.40322,-21.504
17.48,0.846308,-3.51963,102.07,-0.861612,20.3993,2.68322,-1.49288,-21.4981
17.52,0.705449,-3.51696,102.015,-1.92497,20.4362,2.63467,-1.55207,-21.4619
17.56,0.565559,-3.46852,101.915,-3.08414,20.4451,2.58398,-1.58759,-21.4005
17.6,0.428813,-3.35683,101.767,-4.2982,20.4322,2.53048,-1.59454,-21.3229
17.64,0.298056,-3.16762,101.571,-5.52551,20.3977,2.47061,-1.55984,-21.2368
17.68,0.176446,-2.90181,101.326,-6.71828,20.3225,2.39712,-1.45095,-21.1468
17.72,0.0665116,-2.5936,101.035,-7.79463,20.119,2.31274,-1.18961,-21.0509
17.76,-0.0316377,-2.33212,100.706,-8.57436,19.4651,2.64166,-0.882913,-20.9676
17.8,-0.122419,-2.24335,100.357,-8.78329,19.3487,3.40479,-1.44176,-21.0361
17.84,-0.214131,-2.37301,100.012,-8.32077,20.1844,3.02518,-1.78885,-21.1878
17.88,-0.313926,-2.62616,99.6969,-7.41111,20.4298,2.94026,-1.9565,-21.2531
17.92,-0.424251,-2.88384,99.422,-6.31568,20.4904,2.92957,-2.04875,-21.2767
17.96,-0.543811,-3.08188,99.1922,-5.1701,20.4974,2.94764,-2.08497,-21.3101
18,-0.669752,-3.20236,99.0082,-4.03401,20.4853,2.9802,-2.08386,-21.3545
18.04,-0.799038,-3.25114,98.8689,-2.94409,20.4577,3.01964,-2.05941,-21.3946
18.08,-0.92909,-3.24351,98.7717,-1.93083,20.4112,3.05944,-2.01779,-21.4168
18.12,-1.05798,-3.1957,98.7131,-1.02035,20.3405,3.0934,-1.95801,-21.4119
18.16,-1.18438,-3.12004,98.6884,-0.234619,20.2351,3.11669,-1.86847,-21.3779
18.2,-1.3073,-3.02255,98.6924,0.406524,20.0717,3.12744,-1.71726,-21.3258
18.24,-1.42589,-2.90296,98.7187,0.884277,19.8072,3.12851,-1.4392,-21.2882
18.28,-1.53919,-2.75758,98.7607,1.18614,19.3861,3.13126,-0.959751,-21.3066
18.32,-1.64613,-2.58492,98.8114,1.31899,18.9322,3.15433,-0.433268,-21.3791
18.36,-1.74569,-2.39027,98.8645,1.31873,19.0358,3.13229,-0.437389,-21.4569
18.4,-1.8372,-2.18458,98.9158,1.2415,19.283,3.10491,-0.632656,-21.5024
18.44,-1.92046,-1.97919,98.9635,1.14232,19.3836,3.10059,-0.758202,-21.5072
18.48,-1.99565,-1.78184,99.0075,1.06019,19.3762,3.11592,-0.835987,-21.4776
18.52,-2.06316,-1.59606,99.0488,1.01625,19.3052,3.15178,-0.897714,-21.4227
18.56,-2.12349,-1.42237,99.0894,1.01873,19.1984,3.20905,-0.961953,-21.3498
18.6,-2.1771,-1.2596,99.131,1.0684,19.0724,3.28603,-1.0374,-21.264
18.64,-2.22438,-1.10568,99.1754,1.16229,18.938,3.37786,-1.12607,-21.1687
18.68,-2.26564,-0.958076,99.2245,1.29584,18.8032,3.47719,-1.22599,-21.0665
18.72,-2.30107,-0.813996,99.2796,1.46406,18.6748,3.5753,-1.33317,-20.9593
18.76,-2.33076,-0.670452,99.342,1.66207,18.5598,3.66284,-1.44265,-20.8492
18.8,-2.35467,-0.524314,99.4129,1.88543,18.4654,3.73021,-1.54838,-20.7394
18.84,-2.37263,-0.372364,99.4931,2.13018,18.3986,3.76825,-1.64234,-20.6347
18.88,-2.38434,-0.211365,99.5835,2.39287,18.3644,3.76959,-1.71323,-20.5434
18.92,-2.38938,-0.03818,99.6847,2.6703,18.3638,3.73057,-1.74566,-20.4771
18.96,-2.3872,0.150051,99.7973,2.95921,18.3929,3.65251,-1.72226,-20.4494
19,-2.37714,0.355646,99.9216,3.25574,18.4429,3.54202,-1.63047,-20.4702
19.04,-2.35849,0.580003,100.058,3.55469,18.5027,3.41165,-1.47207,-20.5384
19.08,-2.33049,0.823132,100.206,3.84872,18.5608,3.2838,-1.26978,-20.6424
19.12,-2.29242,1.08314,100.365,4.12761,18.6068,3.19652,-1.06836,-20.7661
19.16,-2.24367,1.35587,100.536,4.37801,18.6332,3.1948,-0.921018,-20.8951
19.2,-2.18386,1.63495,100.715,4.58431,18.6374,3.29362,-0.851954,-21.0206
19.24,-2.11289,1.91256,100.902,4.73115,18.6255,3.46234,-0.843864,-21.1385
19.28,-2.03098,2.181,101.093,4.80731,18.6159,3.65761,-0.874303,-21.25
19.32,-1.93861,2.43459,101.285,4.8098,18.6392,3.84247,-0.935457,-21.3592
19.36,-1.83645,2.67088,101.477,4.74571,18.7343,3.97962,-1.02481,-21.4723
19.4,-1.72516,2.89062,101.664,4.63044,18.9334,4.03788,-1.13789,-21.5948
19.44,-1.60538,3.0964,101.847,4.48288,19.2295,4.02311,-1.26855,-21.7308
19.48,-1.4776,3.29082,102.023,4.3198,19.5787,3.97415,-1.4079,-21.8827
19.52,-1.34225,3.47505,102.192,4.15164,19.9417,3.92157,-1.54437,-22.0515
19.56,-1.19975,3.648,102.355,3.98014,20.3005,3.87493,-1.66725,-22.2382
19.6,-1.05061,3.80614,102.51,3.79761,20.6503,3.83342,-1.76972,-22.4434
19.64,-0.89553,3.94367,102.658,3.58685,20.9916,3.79482,-1.84952,-22.667
19.68,-0.735492,4.05277,102.797,3.32155,21.3245,3.75874,-1.90815,-22.908
19.72,-0.571812,4.12406,102.923,2.96727,21.6471,3.72702,-1.94988,-23.1629
19.76,-0.406206,4.1474,103.032,2.4841,21.9537,3.70269,-1.98028,-23.4257
19.8,-0.240783,4.11362,103.119,1.83313,22.2334,3.68827,-2.00444,-23.6865
19.84,-0.0779432,4.01825,103.176,0.989738,22.4707,3.68406,-2.02558,-23.9315
19.88,0.0799311,3.86771,103.196,-0.037231,22.648,3.68712,-2.04508,-24.1437
19.92,0.231038,3.68525,103.172,-1.19266,22.7563,3.69092,-2.06423,-24.3076
19.96,0.37484,3.50973,103.1,-2.39234,22.8109,3.68467,-2.08584,-24.4177
20,0.512492,3.38475,102.981,-3.57397,22.8596,3.65454,-2.11422,-24.4848
20.04,0.6468,3.3482,102.814,-4.74503,22.9666,3.59312,-2.15249,-24.5343
20.08,0.781953,3.43207,102.6,-5.99501,23.1692,3.51288,-2.19663,-24.5875
20.12,0.923323,3.66057,102.332,-7.45626,23.419,3.43878,-2.2257,-24.6143
20.16,1.07603,3.9653,102.001,-9.01265,23.382,3.40467,-2.18148,-24.3998
20.2,1.23595,3.93251,101.626,-9.47897,22.1888,4.41619,-2.47976,-23.8583
20.24,1.38302,3.37333,101.266,-8.37054,23.0413,3.83367,-2.61598,-24.151
20.28,1.50526,2.75215,100.955,-7.22294,22.8139,3.73646,-2.65234,-23.9514
20.32,1.6045,2.22427,100.682,-6.55069,22.4233,3.69894,-2.73038,-23.5174
20.36,1.68403,1.75863,100.426,-6.29028,22.124,3.70941,-2.48602,-23.4618
20.4,1.74548,1.31519,100.174,-6.34768,22.0663,3.79329,-2.07726,-23.823
20.44,1.78928,0.875624,99.915,-6.64163,22.1263,3.89963,-1.88581,-24.0682
20.48,1.81579,0.457371,99.6413,-7.04664,22.0397,4.07714,-1.81151,-24.1155
20.52,1.82698,0.123052,99.3527,-7.34582,22.0233,4.10268,-1.8904,-23.9695
20.56,1.8277,-0.059975,99.0579,-7.33128,22.5372,3.67048,-2.16129,-23.7836
20.6,1.82415,-0.0982986,98.7703,-7.01533,22.7892,3.45421,-2.32116,-23.735
20.64,1.82084,-0.0607624,98.4982,-6.58353,22.7791,3.3564,-2.34985,-23.7039
20.68,1.81951,-0.00550788,98.2431,-6.18505,22.6433,3.30033,-2.32783,-23.6319
20.72,1.82028,0.0417563,98.0022,-5.8791,22.4586,3.27394,-2.26593,-23.5538
20.76,1.82266,0.0748834,97.7714,-5.67616,22.2605,3.28675,-2.17016,-23.5017
20.8,1.8261,0.0953076,97.5468,-5.57148,22.066,3.35776,-2.06943,-23.4813
20.84,1.83016,0.106301,97.3245,-5.55851,21.8862,3.49703,-2.00253,-23.4765
20.88,1.83451,0.110206,97.1009,-5.63116,21.732,3.68153,-1.98694,-23.4607
20.92,1.83887,0.105876,96.873,-5.7794,21.6127,3.8596,-2.01611,-23.4044
20.96,1.84276,0.08466,96.6379,-5.9777,21.5506,3.97571,-2.09155,-23.2865
21,1.84515,0.0257784,96.3948,-6.16974,21.6731,3.96901,-2.23834,-23.1718
21.04,1.84392,-0.10083,96.1455,-6.27268,22.0069,3.91571,-2.35815,-23.2907
21.08,1.8359,-0.314651,95.895,-6.23038,22.2693,3.92233,-2.3706,-23.5633
21.12,1.81769,-0.606402,95.6488,-6.06106,22.3579,3.95254,-2.35524,-23.7587
21.16,1.78671,-0.94915,95.4111,-5.81882,22.3292,3.97541,-2.33475,-23.852
21.2,1.74141,-1.31814,95.1839,-5.5342,22.2542,3.97728,-2.31029,-23.8771
21.24,1.68114,-1.69587,94.9689,-5.20274,22.1791,3.95493,-2.285,-23.8632
21.28,1.60581,-2.06901,94.7686,-4.79918,22.126,3.91481,-2.26618,-23.8294
21.32,1.51584,-2.42611,94.5864,-4.29171,22.1004,3.87112,-2.26314,-23.7884
21.36,1.41206,-2.75793,94.427,-3.65138,22.0969,3.83954,-2.28201,-23.7474
21.4,1.29561,-3.05966,94.2963,-2.8582,22.1053,3.82931,-2.3215,-23.709
21.44,1.16766,-3.33369,94.2005,-1.90368,22.1164,3.84009,-2.37425,-23.6711
21.48,1.02913,-3.59174,94.1462,-0.789376,22.1268,3.86448,-2.43194,-23.6272
21.52,0.880254,-3.85523,94.1394,0.476986,22.1387,3.89092,-2.48737,-23.5663
21.56,0.720287,-4.15009,94.1861,1.87488,22.1446,3.9044,-2.52703,-23.4685
21.6,0.547708,-4.48172,94.29,3.3016,22.0587,3.88188,-2.49019,-23.2861
21.64,0.362349,-4.76201,94.4454,4.3437,21.4734,3.72311,-1.94182,-22.993
21.68,0.170146,-4.79903,94.622,4.26973,21.1054,4.26298,-1.99611,-23.1177
21.72,-0.0182685,-4.59886,94.7715,3.08249,21.8519,4.12537,-2.3579,-23.4697
21.76,-0.19719,-4.34916,94.8633,1.47791,21.9737,4.08833,-2.35608,-23.6654
21.8,-0.366592,-4.125,94.8894,-0.163068,21.9826,4.07598,-2.31417,-23.7756
21.84,-0.527308,-3.90902,94.8512,-1.73363,21.9777,4.07684,-2.27884,-23.8441
21.88,-0.678903,-3.66263,94.7522,-3.19139,21.9694,4.09036,-2.25316,-23.8887
21.92,-0.819467,-3.35316,94.5978,-4.50502,21.9594,4.11867,-2.2381,-23.9186
21.96,-0.94607,-2.96321,94.394,-5.66017,21.9595,4.16074,-2.24072,-23.9371
22,-1.05545,-2.4937,94.1469,-6.67051,21.9864,4.20607,-2.26856,-23.9368
22.04,-1.14476,-1.96522,93.8618,-7.57127,22.04,4.23617,-2.32149,-23.8925
22.08,-1.2125,-1.42608,93.5425,-8.37265,22.0597,4.23791,-2.39121,-23.7434
22.12,-1.26,-0.975697,93.1948,-8.95159,21.8564,4.22278,-2.45468,-23.3709
22.16,-1.29364,-0.750781,92.8332,-9.03338,21.0946,4.38101,-2.20085,-23.0075
22.2,-1.32353,-0.776764,92.4795,-8.58365,20.7879,4.70781,-1.91214,-23.3977
22.24,-1.35743,-0.927517,92.149,-7.93898,21.0945,4.52014,-1.89375,-23.6519
22.28,-1.39791,-1.09436,91.8434,-7.35906,21.1275,4.37804,-1.80882,-23.7277
22.32,-1.44464,-1.23712,91.5584,-6.91842,21.0899,4.20036,-1.66784,-23.7188
22.36,-1.49647,-1.34971,91.2881,-6.61663,21.0448,3.97819,-1.4789,-23.6714
22.4,-1.55228,-1.43698,91.0274,-6.43971,21.0013,3.74168,-1.26208,-23.6089
22.44,-1.61119,-1.5064,90.7714,-6.3768,20.9566,3.58453,-1.09765,-23.5462
22.48,-1.67265,-1.56507,90.5158,-6.42164,20.9062,3.63489,-1.10053,-23.4955
22.52,-1.73632,-1.61768,90.2563,-6.56902,20.8454,3.84566,-1.21003,-23.4692
22.56,-1.80198,-1.66349,89.9891,-6.80675,20.7728,4.06419,-1.26428,-23.4808
22.6,-1.86916,-1.69099,89.711,-7.10051,20.7157,4.17646,-1.17398,-23.543
22.64,-1.93664,-1.67168,89.4213,-7.37351,20.7735,4.10226,-0.971,-23.661
22.68,-2.00169,-1.56238,89.123,-7.50522,20.9741,4.06735,-0.949301,-23.818
22.72,-2.05997,-1.33087,88.8242,-7.39307,21.1433,4.22978,-1.14865,-23.9741
22.76,-2.10667,-0.988928,88.5348,-7.04354,21.1844,4.39379,-1.30381,-24.0958
22.8,-2.13828,-0.586115,88.2624,-6.56559,21.1347,4.50211,-1.37728,-24.176
22.84,-2.15342,-0.172106,88.0096,-6.0796,21.0714,4.54471,-1.40039,-24.2248
22.88,-2.15228,0.225016,87.7751,-5.66432,21.0549,4.51692,-1.39844,-24.2547
22.92,-2.13575,0.597547,87.555,-5.36056,21.1111,4.42793,-1.38679,-24.2754
22.96,-2.10474,0.950374,87.3444,-5.19093,21.2399,4.29908,-1.37463,-24.2931
23,-2.05983,1.29504,87.1377,-5.17436,21.4293,4.15367,-1.36689,-24.3099
23.04,-2.00106,1.64555,86.9282,-5.33069,21.6589,4.01201,-1.36455,-24.323
23.08,-1.92798,2.01061,86.7088,-5.66397,21.8851,3.89629,-1.36462,-24.3197
23.12,-1.84024,2.37046,86.4737,-6.08918,21.9987,3.85083,-1.36104,-24.2712
23.16,-1.7395,2.64332,86.2243,-6.31677,21.7881,3.98499,-1.34571,-24.1531
23.2,-1.63112,2.74878,85.9754,-6.04438,21.106,4.44899,-1.31036,-24.0301
23.24,-1.52111,2.74304,85.7459,-5.39474,20.4551,4.8881,-1.26975,-23.987
23.28,-1.41173,2.73042,85.5451,-4.64121,20.441,4.77157,-1.25116,-23.9931
23.32,-1.30208,2.76063,85.3746,-3.88422,20.5463,4.62895,-1.26297,-24.0174
23.36,-1.19014,2.84611,85.2346,-3.10978,20.693,4.53245,-1.29999,-24.0566
23.4,-1.07365,2.98682,85.1266,-2.27346,20.8905,4.45195,-1.34984,-24.1116
23.44,-0.950525,3.17712,85.054,-1.33536,21.099,4.40012,-1.40153,-24.1798
23.48,-0.818978,3.40511,85.0214,-0.275954,21.2622,4.40864,-1.44947,-24.2562
23.52,-0.677869,3.65139,85.0335,0.897324,21.3376,4.50089,-1.49013,-24.3376
23.56,-0.526959,3.89056,85.0943,2.15541,21.3023,4.68727,-1.51799,-24.4259
23.6,-0.367092,4.09456,85.2066,3.46234,21.1541,4.9657,-1.52551,-24.5294
23.64,-0.200253,4.23397,85.3715,4.78612,20.9338,5.29548,-1.50471,-24.6589
23.68,-0.0296784,4.27517,85.5893,6.09473,20.7909,5.52367,-1.44777,-24.8201
23.72,0.139905,4.17699,85.8583,7.34264,20.873,5.48946,-1.34902,-25.0053
23.76,0.302023,3.89516,86.1751,8.47105,21.087,5.2722,-1.21182,-25.1927
23.8,0.448638,3.39908,86.5339,9.44388,21.3487,4.98862,-1.08433,-25.3532
23.84,0.571074,2.68912,86.9291,10.3087,21.6766,4.82275,-1.17154,-25.4587
23.88,0.661276,1.79319,87.3594,11.2396,22.0903,4.87569,-1.58729,-25.4796
23.92,0.712597,0.756129,87.8329,12.5121,22.4989,4.94105,-2.0615,-25.3508
23.96,0.722099,-0.226991,88.3653,14.0685,22.3886,4.93247,-2.1617,-24.9345
24,0.705587,-0.410112,88.9381,14.1807,22.1389,5.02125,-1.5976,-25.3241
24.04,0.701781,0.286837,89.4761,12.6512,22.5493,4.9818,-1.75922,-25.7334
24.08,0.729403,1.08077,89.9556,11.4323,22.3875,4.7577,-1.41551,-25.8325
24.12,0.786754,1.76763,90.3985,10.795,22.2714,4.43956,-1.01275,-25.8305
24.16,0.86935,2.34437,90.8245,10.5596,22.2252,4.48595,-0.998152,-25.7903
24.2,0.972841,2.81075,91.2468,10.5921,22.2897,4.69068,-1.21327,-25.7376
24.24,1.09245,3.14374,91.6742,10.7946,22.4811,4.63773,-1.27745,-25.6884
24.28,1.22183,3.28694,92.1109,11.0309,22.6559,4.48274,-1.23622,-25.6542
24.32,1.35174,3.15717,92.5542,11.0853,22.6573,4.72361,-1.4701,-25.6444
24.36,1.47018,2.71695,92.993,10.8002,22.4972,5.15604,-1.7917,-25.6692
24.4,1.56597,2.04508,93.4148,10.2676,22.4099,5.30653,-1.92136,-25.7299
24.44,1.63247,1.27254,93.8144,9.72691,22.482,5.17323,-1.90284,-25.8086
24.48,1.66763,0.486544,94.1956,9.38372,22.6457,4.92764,-1.81767,-25.8827
24.52,1.67154,-0.290056,94.5697,9.38748,22.9207,4.61811,-1.72123,-25.9358
24.56,1.6443,-1.0751,94.9531,9.87252,23.2821,4.3031,-1.65179,-25.9442
24.6,1.58555,-1.84727,95.3662,10.8305,23.4931,4.13352,-1.62763,-25.8248
24.64,1.50076,-2.29318,95.8144,11.3714,22.6753,4.6273,-1.61278,-25.4211
24.68,1.41135,-2.09819,96.2552,10.512,22.3277,4.62459,-1.5972,-25.232
24.72,1.33557,-1.68847,96.6533,9.44776,22.2065,4.68001,-1.64896,-25.2937
24.76,1.27559,-1.32099,97.0177,8.86228,22.2057,4.65646,-1.72258,-25.2738
24.8,1.22926,-1.00125,97.3686,8.7557,22.7252,4.16301,-1.77629,-25.2144
24.84,1.1952,-0.705485,97.7236,9.05327,23.1306,3.81154,-1.73953,-25.1862
24.88,1.17219,-0.46151,98.0965,9.60736,23.2574,3.71723,-1.52586,-25.2754
24.92,1.15564,-0.417451,98.49,9.98914,22.7821,4.24064,-1.27351,-25.4815
24.96,1.1338,-0.732994,98.8868,9.75397,22.5692,4.6062,-1.24262,-25.725
25,1.09358,-1.30188,99.2665,9.2452,22.8154,4.4669,-1.27925,-25.9563
25.04,1.02865,-1.95249,99.631,9.07256,23.1152,4.24784,-1.30757,-26.1501
25.08,0.936515,-2.67181,100.001,9.5728,23.7081,3.79276,-1.33174,-26.3018
25.12,0.812683,-3.55652,100.41,11.0436,24.2756,3.42034,-1.352,-26.3551
25.16,0.649967,-4.53437,100.897,13.2784,24.1441,3.30502,-1.37134,-25.8487
25.2,0.465043,-4.4792,101.432,12.8203,24.1844,3.29277,-1.41726,-25.8802
25.24,0.302044,-3.66936,101.896,10.428,24.0746,3.4995,-1.39568,-26.238
25.28,0.168283,-3.06124,102.279,8.87093,23.4705,3.92075,-1.38027,-26.1526
25.32,0.0544719,-2.65505,102.616,8.05601,22.883,4.39163,-1.35658,-25.9921
25.36,-0.0456948,-2.36953,102.93,7.70266,22.8398,4.37781,-1.32154,-25.8199
25.4,-0.136314,-2.178,103.236,7.6195,23.0531,4.10671,-1.27774,-25.6614
25.44,-0.221487,-2.10263,103.54,7.61899,23.0337,4.02774,-1.25476,-25.5472
25.48,-0.306307,-2.15858,103.845,7.62295,22.991,3.9717,-1.29571,-25.5044
25.52,-0.395563,-2.3194,104.152,7.75145,23.196,3.70974,-1.35509,-25.5453
25.56,-0.493062,-2.57227,104.469,8.17123,23.5775,3.34031,-1.3727,-25.6611
25.6,-0.602989,-2.95006,104.812,9.05873,24.0381,3.00111,-1.35961,-25.8118
25.64,-0.731616,-3.51559,105.203,10.6553,24.4766,2.7674,-1.35511,-25.8855
25.68,-0.885431,-4.12201,105.671,12.6415,24.1855,3.06342,-1.38595,-25.6325
25.72,-1.04808,-3.81876,106.179,12.2615,24.2824,3.55799,-1.40092,-26.2565
25.76,-1.1821,-2.87054,106.632,10.4408,24.1719,3.51251,-1.34965,-26.3785
25.8,-1.27943,-2.01941,107.027,9.44975,23.649,3.80625,-1.38069,-26.2186
25.84,-1.34489,-1.26135,107.4,9.29446,23.609,3.82092,-1.54302,-25.9909
25.88,-1.38058,-0.526075,107.779,9.74789,23.8722,3.62865,-1.69172,-25.7775
25.92,-1.38775,0.142456,108.183,10.4833,23.822,3.55011,-1.47155,-25.7095
25.96,-1.37304,0.524165,108.612,10.8338,23.0725,3.68828,-0.611904,-25.8901
26,-1.35184,0.473884,109.039,10.3952,23.4423,3.60844,-0.779818,-26.0969
26.04,-1.3384,0.177964,109.44,9.67452,23.4548,3.64908,-0.941487,-26.1414
26.08,-1.33823,-0.171247,109.816,9.18215,23.1951,3.6709,-0.89146,-26.0759
26.12,-1.35212,-0.524293,110.18,9.08095,23.2955,3.29754,-0.774019,-25.9654
26.16,-1.38044,-0.896804,110.548,9.42534,23.7617,2.90819,-0.904962,-25.8589
26.2,-1.42433,-1.29957,110.94,10.2409,24.1308,2.98245,-1.24293,-25.8133
26.24,-1.48322,-1.59786,111.37,11.1926,23.8646,3.46893,-1.23689,-25.8666
26.28,-1.545,-1.38574,111.822,11.161,23.6581,3.4462,-0.901236,-25.9794
26.32,-1.58742,-0.694228,112.251,10.2722,23.9758,2.92648,-0.939572,-25.9102
26.36,-1.59942,0.0953964,112.647,9.58646,23.802,3.27929,-1.42204,-25.7494
26.4,-1.57996,0.875062,113.023,9.29522,23.7403,3.72585,-1.86239,-25.7501
26.44,-1.52961,1.63899,113.394,9.27042,23.7755,4.03653,-2.04359,-25.8947
26.48,-1.44925,2.37045,113.766,9.36279,23.7778,4.30796,-2.13753,-26.0014
26.52,-1.34096,3.0275,114.143,9.44034,23.6962,4.57895,-2.24014,-25.9884
26.56,-1.20871,3.56131,114.52,9.41785,23.549,4.83104,-2.37884,-25.856
26.6,-1.05806,3.94652,114.895,9.30158,23.4144,5.01958,-2.51861,-25.6968
26.64,-0.894836,4.19387,115.264,9.19145,23.4141,5.07235,-2.56501,-25.6669
26.68,-0.724041,4.32846,115.632,9.21215,23.6176,4.92989,-2.52484,-25.7718
26.72,-0.54995,4.35714,116.004,9.43305,23.8732,4.71508,-2.46191,-25.9156
26.76,-0.377215,4.25383,116.389,9.83539,24.0565,4.53203,-2.40339,-26.0467
26.8,-0.212054,3.97013,116.792,10.3352,24.1862,4.39423,-2.42847,-26.1093
26.84,-0.0625782,3.46533,117.216,10.8554,24.3354,4.30723,-2.69742,-26.0035
26.88,0.062111,2.7329,117.661,11.4141,24.5313,4.27581,-3.39422,-25.5459
26.92,0.153303,1.79486,118.132,12.1828,24.7975,4.29276,-3.96508,-25.2633
26.96,0.203283,0.678478,118.643,13.4889,25.1484,4.33296,-3.38664,-26.1195
27,0.207039,-0.439445,119.22,15.3846,25.083,4.37324,-3.17939,-26.0824
27.04,0.181808,-0.573586,119.85,15.5829,24.9538,4.31594,-3.35678,-25.6965
27.08,0.17734,0.424408,120.437,13.6998,25.1806,4.4081,-3.58767,-26.007
27.12,0.215988,1.48484,120.955,12.3351,24.8032,4.42441,-4.14667,-25.2179
27.16,0.293928,2.3837,121.432,11.6261,24.4874,4.39421,-3.40673,-25.6153
27.2,0.404348,3.10685,121.889,11.2667,24.2429,4.5504,-2.76633,-26.0889
27.24,0.539876,3.6355,122.336,11.074,24.0096,4.92174,-2.67836,-26.1989
27.28,0.692347,3.95183,122.777,10.9767,23.795,5.26453,-2.82229,-26.0701
27.32,0.853071,4.04652,123.215,10.9541,23.6782,5.49212,-3.18951,-25.7402
27.36,1.01294,3.90578,123.653,10.9516,23.7556,5.5978,-3.64487,-25.4621
27.4,1.16216,3.51374,124.09,10.8606,23.9417,5.57597,-3.63371,-25.7056
27.44,1.29094,2.89196,124.52,10.6232,24.0596,5.49592,-3.57937,-25.9142
27.48,1.39144,2.11497,124.939,10.3166,24.0461,5.44146,-3.65725,-25.8884
27.52,1.4592,1.26632,125.347,10.1038,23.9257,5.45739,-3.81932,-25.7019
27.56,1.49244,0.392606,125.751,10.1693,23.804,5.50432,-3.84625,-25.6051
27.6,1.49031,-0.503582,126.166,10.706,23.9072,5.40687,-3.55233,-25.8074
27.64,1.45209,-1.39143,126.615,11.7775,23.964,5.38243,-3.2343,-25.9684
27.68,1.38381,-1.9053,127.104,12.4383,23.5994,5.40256,-2.949,-25.8015
27.72,1.31096,-1.64054,127.586,11.4899,24.3676,4.29562,-2.88104,-25.6834
27.76,1.25577,-1.11571,128.022,10.3748,24.048,4.62919,-3.10054,-25.6606
27.8,1.22108,-0.627396,128.424,9.8619,23.5251,5.20174,-3.14339,-25.7375
27.84,1.20512,-0.173388,128.818,9.93224,23.1427,5.66454,-3.04337,-25.8718
27.88,1.2071,0.268554,129.225,10.4945,23.198,5.67073,-2.87422,-25.9674
27.92,1.22556,0.623342,129.661,11.2989,22.9896,5.79718,-2.66824,-25.9308
27.96,1.25221,0.624557,130.123,11.6347,23.4314,5.25136,-2.69397,-25.7401
28,1.26827,0.106768,130.579,11.0494,23.9732,4.96082,-3.13141,-25.6628
28.04,1.25732,-0.671492,131.004,10.2605,23.8271,5.2408,-3.28762,-25.8125
28.08,1.21408,-1.49322,131.407,9.96907,23.4599,5.70681,-3.26885,-26.0415
28.12,1.13725,-2.3648,131.813,10.4945,23.5596,5.77823,-3.22624,-26.237
28.16,1.02291,-3.37565,132.261,12.0878,24.0298,5.48157,-3.17549,-26.2781
28.2,0.869103,-4.17512,132.783,13.7128,22.9338,5.93731,-2.91324,-25.709
28.24,0.707507,-3.74244,133.309,12.1979,24.3605,4.89873,-3.39648,-25.7891
28.28,0.573019,-3.00786,133.755,10.2402,23.9981,5.19662,-3.48397,-25.8357
28.32,0.464031,-2.47255,134.141,9.19676,23.5084,5.52749,-3.50462,-25.6847
28.36,0.373366,-2.07844,134.5,8.83292,23.0956,5.84612,-3.47343,-25.5147
28.4,0.296502,-1.78253,134.854,8.90107,22.9345,5.96446,-3.38297,-25.3933
28.44,0.22875,-1.64052,135.213,9.07011,23.1962,5.70792,-3.27954,-25.3865
28.48,0.161802,-1.74965,135.576,9.00012,23.3784,5.5729,-3.23807,-25.5197
28.52,0.0859985,-2.06476,135.932,8.86076,23.1559,5.83618,-3.24405,-25.7168
28.56,-0.00483685,-2.4939,136.289,9.06964,22.6622,6.38363,-3.26582,-25.8987
28.6,-0.115207,-3.05349,136.667,9.92925,22.6742,6.49849,-3.29669,-26.0331
28.64,-0.252234,-3.84324,137.097,11.7851,23.3058,6.03386,-3.3364,-26.0207
28.68,-0.424159,-4.66346,137.62,14.1559,22.2317,6.56975,-3.2997,-25.2774
28.72,-0.6055,-4.17189,138.176,13.0739,23.9219,5.65192,-3.39455,-26.072
28.76,-0.750722,-3.10867,138.652,10.8668,23.5617,5.81942,-3.23636,-26.2633
28.8,-0.857252,-2.24939,139.062,9.83626,23.0184,6.11614,-3.09662,-26.2032
28.84,-0.932232,-1.51119,139.451,9.73626,22.5416,6.49589,-3.02139,-26.0799
28.88,-0.978918,-0.838774,139.849,10.2278,22.2683,6.69415,-2.96129,-25.8915
28.92,-1.00198,-0.370548,140.27,10.7143,22.503,6.13197,-2.79526,-25.6095
28.96,-1.01451,-0.328835,140.696,10.4988,22.8162,5.8025,-3.14167,-25.2958
29,-1.03264,-0.608514,141.104,9.86623,22.7572,5.96418,-3.56611,-25.1352
29.04,-1.06438,-0.984602,141.489,9.46264,22.6117,5.97463,-3.57956,-25.1281
29.08,-1.11182,-1.39445,141.867,9.55076,22.5962,5.80485,-3.4179,-25.1532
29.12,-1.17679,-1.86789,142.261,10.2507,22.7813,5.6012,-3.31059,-25.1641
29.16,-1.26223,-2.40029,142.696,11.5739,23.0916,5.65968,-3.43195,-25.2147
29.2,-1.36452,-2.59251,143.182,12.4433,23.0719,6.10864,-3.45163,-25.4949
29.24,-1.45743,-1.95037,143.664,11.4754,22.5338,6.7079,-3.40595,-25.7548
29.28,-1.5174,-1.04642,144.1,10.4076,22.4158,6.74408,-3.39247,-25.8708
29.32,-1.54162,-0.169261,144.506,10.0278,22.6469,6.62278,-3.5069,-25.9357
29.36,-1.53104,0.699237,144.91,10.222,22.9636,6.51568,-3.63387,-25.9774
29.4,-1.48561,1.56915,145.329,10.8064,23.2501,6.41788,-3.68735,-25.9933
29.44,-1.4065,2.36023,145.776,11.5262,23.3868,6.29594,-3.58067,-25.9686
29.48,-1.30038,2.88343,146.248,11.9756,23.217,6.10003,-3.19365,-25.897
29.52,-1.18164,2.98186,146.726,11.8683,22.9071,6.17005,-3.04483,-25.8312
29.56,-1.06673,2.71802,147.192,11.4193,23.0708,6.13495,-3.27176,-25.8517
29.6,-0.96684,2.2536,147.641,11.0211,23.2724,5.75344,-3.12138,-25.9592
29.64,-0.887816,1.68371,148.078,10.902,23.4196,5.40839,-2.88131,-26.0979
29.68,-0.833225,1.03175,148.518,11.2,23.6322,5.47949,-3.06508,-26.2148
29.72,-0.806534,0.286956,148.982,12.0806,23.9575,5.60431,-3.38719,-26.2485
29.76,-0.81093,-0.487254,149.494,13.5773,24.057,5.60127,-3.53322,-25.9993
29.8,-0.838378,-0.715784,150.059,14.3386,23.1811,5.63247,-3.48837,-25.0989
29.84,-0.853123,0.0919285,150.61,13.0519,24.1266,5.57289,-3.75592,-25.8899
29.88,-0.827887,1.16702,151.103,11.683,23.8469,5.48005,-3.42023,-26.0221
29.92,-0.76107,2.15208,151.552,10.7894,23.5231,5.30635,-3.09219,-25.9131
29.96,-0.6577,2.98857,151.969,10.1063,23.2925,5.277,-3.02763,-25.6966
30,-0.524482,3.63858,152.36,9.39505,23.1095,5.4429,-3.23545,-25.409
30.04,-0.369448,4.0779,152.719,8.54428,22.9441,5.59619,-3.49456,-25.0657
30.08,-0.200933,4.31745,153.041,7.56036,22.7445,5.72522,-3.76297,-24.6651
30.12,-0.0261883,4.397,153.323,6.50998,22.424,5.9632,-4.09924,-24.203
30.16,0.149299,4.36139,153.562,5.45423,22.0998,6.30464,-4.43292,-23.8615
30.2,0.32165,4.24473,153.759,4.41968,22.4265,6.14905,-4.39195,-24.0641
30.24,0.488091,4.06877,153.916,3.40631,22.9284,5.8862,-4.25346,-24.4454
30.28,0.646558,3.84823,154.032,2.40798,23.2896,5.74564,-4.1833,-24.7525
30.32,0.795532,3.59645,154.109,1.42861,23.5343,5.66749,-4.15342,-24.9778
30.36,0.934059,3.32857,154.147,0.488148,23.6931,5.61113,-4.1404,-25.1341
30.4,1.06183,3.06139,154.149,-0.383015,23.7893,5.55589,-4.135,-25.2307
30.44,1.17919,2.81043,154.118,-1.1571,23.8472,5.49139,-4.13561,-25.2774
30.48,1.28703,2.58675,154.058,-1.82079,23.8928,5.41548,-4.14415,-25.2884
30.52,1.38656,2.39553,153.973,-2.3787,23.9491,5.33462,-4.16237,-25.2824
30.56,1.47911,2.23704,153.869,-2.84873,24.0307,5.26153,-4.18808,-25.2809
30.6,1.56593,2.10848,153.746,-3.25447,24.1411,5.20862,-4.21404,-25.3011
30.64,1.64813,2.00528,153.609,-3.6185,24.2742,5.1833,-4.23291,-25.348
30.68,1.7266,1.9211,153.457,-3.95631,24.4135,5.19047,-4.24265,-25.4129
30.72,1.80194,1.84593,153.293,-4.26874,24.5286,5.23863,-4.24521,-25.4798
30.76,1.87418,1.76296,153.116,-4.53216,24.571,5.34335,-4.23983,-25.5349
30.8,1.94255,1.64852,152.931,-4.69889,24.4872,5.51842,-4.21897,-25.5763
30.84,2.00537,1.48361,152.742,-4.73374,24.2844,5.73213,-4.18097,-25.6088
30.88,2.06059,1.27034,152.554,-4.6654,24.1001,5.86239,-4.15053,-25.627
30.92,2.10661,1.0274,152.369,-4.57064,24.055,5.8378,-4.15879,-25.6272
30.96,2.1426,0.770691,152.188,-4.51272,24.1175,5.74021,-4.20718,-25.6315
31,2.16815,0.505523,152.007,-4.51864,24.2332,5.64941,-4.26356,-25.6789
31.04,2.18291,0.230051,151.825,-4.59126,24.3717,5.59521,-4.29399,-25.7937
31.08,2.18636,-0.0601844,151.639,-4.72309,24.5166,5.58238,-4.29515,-25.9638
31.12,2.17784,-0.369447,151.447,-4.90265,24.6584,5.60793,-4.28532,-26.1574
31.16,2.15652,-0.70011,151.247,-5.11566,24.7901,5.6674,-4.28074,-26.3477
31.2,2.12155,-1.05132,151.038,-5.34415,24.9048,5.75585,-4.28844,-26.5178
31.24,2.0722,-1.4179,150.819,-5.56508,24.9956,5.86759,-4.30909,-26.6578
31.28,2.00805,-1.78982,150.593,-5.75063,25.0572,5.99576,-4.34086,-26.7622
31.32,1.92913,-2.15328,150.36,-5.87158,25.0905,6.13147,-4.38183,-26.831
31.36,1.83609,-2.49378,150.124,-5.90475,25.1082,6.26181,-4.43062,-26.8723
31.4,1.73008,-2.80045,149.889,-5.84213,25.1404,6.36766,-4.48506,-26.9049
31.44,1.61256,-3.06942,149.658,-5.69579,25.2272,6.42614,-4.53921,-26.9556
31.48,1.48499,-3.30372,149.434,-5.49416,25.3973,6.42334,-4.58298,-27.0504
31.52,1.34864,-3.51007,149.219,-5.27159,25.6471,6.36916,-4.60769,-27.2026
31.56,1.20447,-3.69502,149.012,-5.05768,25.948,6.29062,-4.61206,-27.4097
31.6,1.05327,-3.8625,148.814,-4.87157,26.2719,6.21058,-4.60143,-27.6582
31.64,0.895694,-4.01319,148.622,-4.72128,26.6026,6.13917,-4.58287,-27.933
31.68,0.73246,-4.1451,148.436,-4.60584,26.9336,6.07867,-4.56238,-28.2226
31.72,0.564385,-4.25456,148.253,-4.5184,27.2631,6.02962,-4.54494,-28.5198
31.76,0.392453,-4.33726,148.074,-4.44909,27.5903,5.99362,-4.5352,-28.8206
31.8,0.217817,-4.38915,147.897,-4.38742,27.9145,5.97298,-4.53713,-29.1222
31.84,0.0417744,-4.40714,147.723,-4.32405,28.2342,5.96893,-4.55264,-29.4224
31.88,-0.134279,-4.38954,147.551,-4.25206,28.5474,5.97991,-4.58044,-29.7189
31.92,-0.308913,-4.33636,147.383,-4.16761,28.8518,6.0015,-4.61623,-30.0092
31.96,-0.480734,-4.24925,147.218,-4.07006,29.1448,6.02783,-4.65429,-30.2908
32,-0.648443,-4.13141,147.057,-3.96178,29.4241,6.05339,-4.68928,-30.561
32.04,-0.810894,-3.98718,146.901,-3.84749,29.6877,6.07402,-4.71726,-30.8176
32.08,-0.967133,-3.82167,146.75,-3.73344,29.9337,6.08724,-4.73593,-31.0584
32.12,-1.11642,-3.64029,146.602,-3.62643,30.1607,6.09199,-4.74434,-31.2818
32.16,-1.25822,-3.44832,146.459,-3.53288,30.3675,6.08833,-4.74253,-31.4867
32.2,-1.3922,-3.25055,146.32,-3.45792,30.553,6.07709,-4.73114,-31.672
32.24,-1.51824,-3.05098,146.182,-3.40472,30.7162,6.05974,-4.71118,-31.8373
32.28,-1.6363,-2.85264,146.047,-3.37388,30.856,6.03817,-4.68382,-31.9822
32.32,-1.74649,-2.65747,145.912,-3.36324,30.9706,6.01481,-4.65028,-32.1066
32.36,-1.84895,-2.46629,145.778,-3.36772,31.058,5.9926,-4.61178,-32.2107
32.4,-1.94384,-2.27886,145.643,-3.37953,31.1153,5.97518,-4.56945,-32.2948
32.44,-2.0313,-2.0941,145.507,-3.38873,31.1394,5.96696,-4.52427,-32.3602
32.48,-2.11139,-1.91039,145.372,-3.38414,31.1273,5.97308,-4.47703,-32.4093
32.52,-2.18412,-1.72603,145.237,-3.35471,31.0775,5.99885,-4.42814,-32.4461
32.56,-2.24944,-1.5398,145.104,-3.29113,30.9914,6.04807,-4.37764,-32.4764
32.6,-2.30727,-1.35132,144.974,-3.18731,30.8763,6.11971,-4.32512,-32.5068
32.64,-2.35753,-1.16129,144.849,-3.04118,30.7489,6.20344,-4.2699,-32.5435
32.68,-2.40018,-0.971307,144.731,-2.85464,30.6346,6.27795,-4.21128,-32.5903
32.72,-2.43526,-0.783454,144.622,-2.63269,30.5583,6.31997,-4.14865,-32.6482
32.76,-2.46291,-0.599803,144.521,-2.38207,30.5274,6.32131,-4.08157,-32.7153
32.8,-2.48332,-0.421983,144.431,-2.11011,30.5291,6.29299,-4.0097,-32.7888
32.84,-2.49676,-0.250928,144.353,-1.82383,30.5443,6.25182,-3.93278,-32.8659
32.88,-2.50349,-0.0868116,144.285,-1.52948,30.5597,6.20928,-3.85057,-32.9446
32.92,-2.50379,0.070885,144.23,-1.23252,30.5692,6.17038,-3.76284,-33.0234
32.96,-2.49789,0.223224,144.187,-0.937735,30.5704,6.13632,-3.66938,-33.1016
33,-2.48598,0.371638,144.155,-0.649479,30.563,6.10683,-3.57007,-33.1789
33.04,-2.46819,0.517759,144.135,-0.371963,30.5473,6.08165,-3.46528,-33.2551
33.08,-2.44457,0.663263,144.125,-0.109497,30.5236,6.06175,-3.35667,-33.3301
33.12,-2.41512,0.809731,144.126,0.133282,30.4922,6.0509,-3.24892,-33.4041
33.16,-2.37976,0.958537,144.136,0.351223,30.4547,6.0577,-3.15235,-33.477
33.2,-2.33839,1.11075,144.153,0.538517,30.4142,6.09655,-3.08513,-33.5487
33.24,-2.29085,1.26707,144.178,0.688583,30.3783,6.18178,-3.06948,-33.6194
33.28,-2.23696,1.42779,144.208,0.794003,30.3605,6.31141,-3.11752,-33.6889
33.32,-2.17656,1.59281,144.241,0.846521,30.3802,6.45636,-3.21979,-33.7574
33.36,-2.10949,1.76175,144.275,0.837123,30.4536,6.57692,-3.35318,-33.8247
33.4,-2.03558,1.93412,144.307,0.756191,30.5816,6.65089,-3.4965,-33.8909
33.44,-1.95471,2.10968,144.334,0.593722,30.7489,6.68093,-3.63677,-33.9561
33.48,-1.86676,2.28891,144.353,0.339517,30.9361,6.68129,-3.76797,-34.0202
33.52,-1.77153,2.47384,144.36,-0.0169009,31.1304,6.66526,-3.88849,-34.0834
33.56,-1.66872,2.66897,144.35,-0.487001,31.3271,6.6419,-3.99926,-34.1452
33.6,-1.55777,2.88254,144.319,-1.08508,31.5269,6.61773,-4.10253,-34.2048
33.64,-1.43769,3.12784,144.262,-1.83098,31.7296,6.60094,-4.2006,-34.2587
33.68,-1.30687,3.42322,144.171,-2.74946,31.9169,6.6112,-4.29395,-34.2964
33.72,-1.16295,3.78373,144.039,-3.84173,31.9958,6.71558,-4.3788,-34.2881
33.76,-1.00365,4.17763,143.863,-4.94014,31.5502,7.22669,-4.44163,-34.1649
33.8,-0.830475,4.44029,143.652,-5.42238,32.0443,6.55566,-4.44836,-33.9236
33.84,-0.65243,4.42156,143.446,-4.71519,32.808,5.68493,-4.45194,-33.891
33.88,-0.478509,4.26991,143.285,-3.27399,32.9276,5.5199,-4.49729,-33.9311
33.92,-0.310422,4.14296,143.186,-1.64401,32.9134,5.44359,-4.55139,-33.8862
33.96,-0.146434,4.06177,143.154,0.0186131,32.8931,5.38672,-4.62676,-33.7889
34,0.014645,3.98953,143.188,1.68486,32.8718,5.36589,-4.72541,-33.6722
34.04,0.172169,3.87538,143.288,3.32133,32.8361,5.38703,-4.83496,-33.5557
34.08,0.323453,3.67017,143.452,4.87748,32.7861,5.42318,-4.93901,-33.4362
34.12,0.464062,3.33709,143.677,6.31051,32.7434,5.41976,-5.02838,-33.2882
34.16,0.588484,2.86031,143.955,7.61641,32.7415,5.36092,-5.08887,-33.1328
34.2,0.691098,2.25129,144.285,8.84483,32.7881,5.39997,-5.08409,-33.1508
34.24,0.767493,1.56464,144.663,10.0493,32.7843,5.60145,-5.05881,-33.2541
34.28,0.817331,0.96634,145.086,11.0417,32.2395,5.89954,-5.05642,-32.8837
34.32,0.850386,0.772249,145.534,11.1502,32.3527,6.30663,-5.34256,-33.1034
34.36,0.885441,1.03031,145.965,10.2873,32.909,6.08139,-5.3534,-33.5441
34.4,0.93458,1.42868,146.355,9.23071,32.8589,5.99849,-5.44296,-33.4574
34.44,0.999095,1.7843,146.706,8.34359,32.7173,5.98578,-5.59048,-33.2445
34.48,1.07617,2.05499,147.025,7.64018,32.6094,6.063,-5.71032,-33.1343
34.52,1.16236,2.2409,147.319,7.07471,32.5576,6.17565,-5.75565,-33.1542
34.56,1.25445,2.35238,147.592,6.61454,32.5551,6.27037,-5.76289,-33.2197
34.6,1.34973,2.40272,147.849,6.24439,32.5864,6.33512,-5.74861,-33.2956
34.64,1.44604,2.40587,148.093,5.95963,32.6379,6.37663,-5.70809,-33.3852
34.68,1.54175,2.37496,148.327,5.75987,32.7005,6.40306,-5.63797,-33.4946
34.72,1.63573,2.32108,148.555,5.64431,32.7685,6.42025,-5.54245,-33.6224
34.76,1.72724,2.25212,148.779,5.60832,32.836,6.4332,-5.43012,-33.761
34.8,1.81575,2.17174,149.004,5.64011,32.8935,6.44827,-5.30981,-33.9011
34.84,1.9008,2.07822,149.231,5.71705,32.925,6.47502,-5.18871,-34.0338
34.88,1.98173,1.9639,149.462,5.80277,32.9082,6.52787,-5.0721,-34.1518
34.92,2.05748,1.81672,149.695,5.84914,32.8177,6.62621,-4.96387,-34.2531
34.96,2.12648,1.62536,149.928,5.80849,32.6402,6.78651,-4.86714,-34.3432
35,2.18687,1.38677,150.158,5.6536,32.4045,6.99262,-4.7839,-34.4334
35.04,2.2369,1.11001,150.379,5.39043,32.212,7.1573,-4.71355,-34.5328
35.08,2.27539,0.812544,150.588,5.0512,32.1502,7.19918,-4.65243,-34.6413
35.12,2.30188,0.512559,150.783,4.67613,32.1738,7.1627,-4.59601,-34.7527
35.16,2.31654,0.223385,150.962,4.29917,32.2199,7.10824,-4.54091,-34.8602
35.2,2.31999,-0.04792,151.127,3.94354,32.2795,7.04436,-4.48539,-34.9603
35.24,2.31298,-0.299485,151.278,3.62327,32.3651,6.96006,-4.42905,-35.0522
35.28,2.29627,-0.532904,151.418,3.34671,32.485,6.85007,-4.37261,-35.1372
35.32,2.27054,-0.75182,151.547,3.11951,32.6364,6.72063,-4.31779,-35.2168
35.36,2.23626,-0.961017,151.668,2.94677,32.8109,6.58456,-4.26738,-35.2924
35.4,2.19371,-1.16591,151.783,2.83433,32.9991,6.45523,-4.22486,-35.3647
35.44,2.14296,-1.37226,151.896,2.78912,33.1923,6.34363,-4.19327,-35.433
35.48,2.08384,-1.58576,152.007,2.81823,33.3796,6.25729,-4.17259,-35.4946
35.52,2.01595,-1.81101,152.122,2.92501,33.5417,6.19951,-4.15542,-35.5434
35.56,1.93879,-2.04871,152.242,3.09867,33.6396,6.16957,-4.1201,-35.5681
35.6,1.85199,-2.29023,152.37,3.29431,33.5953,6.16469,-4.01763,-35.5523
35.64,1.75581,-2.513,152.505,3.41531,33.2771,6.18658,-3.75222,-35.4855
35.68,1.65157,-2.68996,152.641,3.34313,32.7998,6.25326,-3.45291,-35.3912
35.72,1.54133,-2.8149,152.769,3.02345,33.1948,6.26378,-3.98809,-35.3272
35.76,1.4268,-2.90867,152.88,2.49195,33.556,6.27785,-4.46257,-35.3151
35.8,1.3087,-2.99702,152.966,1.80625,33.7415,6.28682,-4.72431,-35.3299
35.84,1.18691,-3.09422,153.023,0.997426,33.8641,6.27788,-4.87975,-35.3511
35.88,1.06102,-3.20143,153.045,0.0721286,33.97,6.25342,-4.97845,-35.3756
35.92,0.930787,-3.30907,153.027,-0.969948,34.0675,6.22515,-5.03826,-35.4086
35.96,0.796539,-3.39818,152.965,-2.12223,34.1498,6.20835,-5.06618,-35.4574
36,0.65954,-3.44152,152.856,-3.36443,34.2086,6.21569,-5.06977,-35.5233
36.04,0.52227,-3.40594,152.696,-4.66373,34.2405,6.25007,-5.06173,-35.5948
36.08,0.388576,-3.25741,152.483,-5.98487,34.2529,6.29746,-5.0575,-35.6467
36.12,0.263557,-2.96888,152.217,-7.30842,34.2671,6.32595,-5.07116,-35.6448
36.16,0.153077,-2.53136,151.898,-8.64731,34.3108,6.30483,-5.10986,-35.5639
36.2,0.0626666,-1.97702,151.524,-10.0199,34.3689,6.27365,-5.12797,-35.462
36.24,-0.00534862,-1.45273,151.098,-11.2409,34.2388,6.47689,-4.98122,-35.5522
36.28,-0.0586451,-1.30093,150.637,-11.5811,33.2791,7.45228,-4.74166,-35.7681
36.32,-0.116712,-1.66517,150.189,-10.6967,33.326,7.29216,-4.52619,-35.9713
36.36,-0.194283,-2.21695,149.787,-9.3575,33.5469,7.00837,-4.41562,-36.1484
36.4,-0.293128,-2.70558,149.44,-8.02217,33.4771,7.05509,-4.36301,-36.2666
36.44,-0.408854,-3.05624,149.145,-6.73291,33.3705,7.12462,-4.31364,-36.3257
36.48,-0.535681,-3.26211,148.901,-5.46328,33.2735,7.16296,-4.26059,-36.3406
36.52,-0.668133,-3.34186,148.707,-4.21381,33.1813,7.18464,-4.2114,-36.3264
36.56,-0.801741,-3.32516,148.563,-3.00977,33.0788,7.21312,-4.17046,-36.2944
36.6,-0.933288,-3.24401,148.466,-1.88338,32.9583,7.25757,-4.13352,-36.2518
36.64,-1.06079,-3.12687,148.411,-0.860312,32.8275,7.30668,-4.09016,-36.2035
36.68,-1.18325,-2.99563,148.395,0.0459981,32.7149,7.32713,-4.02838,-36.1525
36.72,-1.30044,-2.86462,148.413,0.833696,32.6645,7.26968,-3.93628,-36.1012
36.76,-1.41253,-2.74088,148.46,1.50736,32.6959,7.10487,-3.80006,-36.0509
36.8,-1.51981,-2.62445,148.532,2.07033,32.7698,6.85156,-3.59956,-36.0023
36.84,-1.62249,-2.50857,148.624,2.51665,32.8169,6.54878,-3.31255,-35.9549
36.88,-1.72034,-2.38063,148.732,2.82838,32.7858,6.30235,-3.00905,-35.9084
36.92,-1.8126,-2.22739,148.849,2.98832,32.6974,6.4312,-3.04826,-35.8633
36.96,-1.89813,-2.0444,148.969,3.00842,32.6783,6.6888,-3.32102,-35.8225
37,-1.97587,-1.8404,149.088,2.94155,32.7522,6.72351,-3.49401,-35.79
37.04,-2.04527,-1.62972,149.204,2.85464,32.8142,6.63321,-3.54419,-35.7685
37.08,-2.1063,-1.42247,149.317,2.79633,32.8301,6.51124,-3.51513,-35.7588
37.12,-2.15916,-1.22185,149.428,2.78947,32.8123,6.39439,-3.44581,-35.7602
37.16,-2.20411,-1.02628,149.541,2.83962,32.7749,6.30016,-3.36279,-35.7714
37.2,-2.24128,-0.831853,149.656,2.9443,32.7252,6.23704,-3.28001,-35.7909
37.24,-2.27061,-0.633762,149.777,3.09845,32.6658,6.20575,-3.20021,-35.8172
37.28,-2.29186,-0.427076,149.905,3.29678,32.5965,6.20141,-3.11856,-35.8491
37.32,-2.3046,-0.207101,150.041,3.53445,32.517,6.21691,-3.02772,-35.8855
37.36,-2.3082,0.0302719,150.188,3.8067,32.4296,6.24547,-2.92306,-35.9259
37.4,-2.3019,0.288077,150.346,4.10791,32.3441,6.28098,-2.80834,-35.9702
37.44,-2.28486,0.567533,150.517,4.43011,32.2861,6.31501,-2.70069,-36.0189
37.48,-2.25623,0.867049,150.701,4.76124,32.2938,6.33235,-2.62397,-36.0728
37.52,-2.2153,1.18118,150.898,5.08361,32.3847,6.31752,-2.58195,-36.133
37.56,-2.16167,1.50013,151.107,5.37399,32.5284,6.27191,-2.5494,-36.2009
37.6,-2.0954,1.81074,151.327,5.60713,32.6812,6.21974,-2.51254,-36.2771
37.64,-2.0171,2.09962,151.555,5.7641,32.8227,6.20422,-2.50144,-36.3616
37.68,-1.92785,2.35767,151.787,5.84261,32.9559,6.24098,-2.54175,-36.4533
37.72,-1.82893,2.58308,152.021,5.86288,33.0898,6.27555,-2.59281,-36.5504
37.76,-1.72158,2.7806,152.256,5.86349,33.2271,6.24856,-2.59954,-36.6509
37.8,-1.60676,2.95727,152.491,5.88989,33.3648,6.1445,-2.54201,-36.7537
37.84,-1.4852,3.11786,152.728,5.98333,33.4982,5.98339,-2.43245,-36.8593
37.88,-1.35755,3.26154,152.971,6.1744,33.6236,5.81965,-2.31778,-36.9692
37.92,-1.22461,3.38003,153.223,6.48029,33.741,5.74657,-2.28834,-37.0856
37.96,-1.0877,3.45661,153.491,6.90311,33.8585,5.82176,-2.40765,-37.2107
38,-0.948976,3.46602,153.777,7.42928,33.9877,5.98197,-2.62358,-37.3441
38.04,-0.811736,3.37685,154.086,8.0332,34.1254,6.14536,-2.85241,-37.4815
38.08,-0.680572,3.15737,154.42,8.69058,34.2423,6.29254,-3.04791,-37.6123
38.12,-0.561217,2.7834,154.782,9.40336,34.3026,6.43841,-3.19147,-37.7197
38.16,-0.460131,2.24304,155.174,10.2314,34.3002,6.58557,-3.28152,-37.7783
38.2,-0.384001,1.53724,155.604,11.3173,34.3002,6.67283,-3.33688,-37.742
38.24,-0.338863,0.712952,156.085,12.8121,34.2048,6.70564,-3.37533,-37.4796
38.28,-0.324337,0.1156,156.628,14.1462,34.3292,6.25467,-3.45795,-36.9083
38.32,-0.315932,0.46577,157.188,13.5365,35.4055,6.11239,-3.6969,-37.6786
38.36,-0.279335,1.39018,157.698,11.9185,35.3387,6.14126,-3.50952,-38.0135
38.4,-0.205436,2.28044,158.146,10.5541,35.2095,6.14386,-3.3948,-38.1113
38.44,-0.0993173,2.99243,158.545,9.40567,35.2229,6.10981,-3.38345,-38.1314
38.48,0.0311687,3.4966,158.899,8.27422,35.3458,6.04607,-3.43463,-38.1239
38.52,0.177607,3.79202,159.206,7.06325,35.5062,5.98289,-3.51374,-38.1112
38.56,0.332054,3.90269,159.462,5.76951,35.6611,5.93527,-3.60049,-38.1043
38.6,0.487897,3.86922,159.667,4.43765,35.7964,5.89847,-3.68249,-38.1061
38.64,0.640264,3.73605,159.818,3.12279,35.9085,5.86312,-3.75304,-38.1127
38.68,0.785991,3.54332,159.917,1.87352,35.9964,5.82244,-3.80985,-38.1172
38.72,0.923383,3.32431,159.969,0.727309,36.0628,5.77124,-3.85326,-38.1123
38.76,1.05193,3.10489,159.977,-0.292315,36.1171,5.7047,-3.88538,-38.0937
38.8,1.17202,2.90321,159.947,-1.17883,36.1739,5.61991,-3.91002,-38.0608
38.84,1.28457,2.72994,159.885,-1.9426,36.248,5.51937,-3.93239,-38.0163
38.88,1.39085,2.58957,159.793,-2.60603,36.3476,5.41327,-3.958,-37.9648
38.92,1.49218,2.48171,159.677,-3.1954,36.4694,5.31797,-3.99068,-37.9093
38.96,1.58976,2.40104,159.538,-3.72993,36.5928,5.25255,-4.03132,-37.8466
39,1.68445,2.33406,159.379,-4.205,36.6709,5.23997,-4.08061,-37.7611
39.04,1.77631,2.25346,159.203,-4.57151,36.6204,5.31853,-4.1461,-37.6259
39.08,1.86403,2.12173,159.016,-4.74623,36.3538,5.54153,-4.23844,-37.4363
39.12,1.94508,1.9199,158.827,-4.70295,35.9714,5.8213,-4.32801,-37.2606
39.16,2.01696,1.66853,158.642,-4.53759,35.82,5.83432,-4.36014,-37.1631
39.2,2.07835,1.40017,158.464,-4.3771,35.8333,5.68209,-4.32782,-37.1506
39.24,2.12897,1.1313,158.291,-4.29134,35.8959,5.54104,-4.23488,-37.2531
39.28,2.16886,0.86299,158.119,-4.29895,36.0114,5.44526,-4.11746,-37.4588
39.32,2.19794,0.589491,157.945,-4.39679,36.1663,5.39703,-4.02359,-37.7032
39.36,2.21585,0.303397,157.766,-4.5761,36.3379,5.38835,-3.96688,-37.9411
39.4,2.22195,-0.0019912,157.578,-4.82736,36.5104,5.41213,-3.94125,-38.1558
39.44,2.21537,-0.331157,157.379,-5.13984,36.6715,5.46413,-3.93702,-38.342
39.48,2.19513,-0.684606,157.167,-5.49852,36.8081,5.53993,-3.94348,-38.4954
39.52,2.16035,-1.05656,156.939,-5.87978,36.9028,5.63315,-3.94793,-38.6098
39.56,2.11055,-1.43279,156.696,-6.24782,36.9327,5.73541,-3.93538,-38.6768
39.6,2.04597,-1.79075,156.44,-6.55657,36.8739,5.83709,-3.88964,-38.6907
39.64,1.96788,-2.10497,156.173,-6.76354,36.7213,5.92711,-3.80313,-38.6564
39.68,1.87841,-2.35751,155.9,-6.85363,36.5413,5.98821,-3.71074,-38.599
39.72,1.78014,-2.54576,155.626,-6.85439,36.4772,5.99504,-3.69323,-38.56
39.76,1.67547,-2.67963,155.353,-6.82393,36.5535,5.94563,-3.73219,-38.5764
39.8,1.56633,-2.77105,155.08,-6.82239,36.6793,5.87755,-3.75159,-38.6635
39.84,1.45428,-2.82541,154.806,-6.89164,36.8124,5.86998,-3.78834,-38.8133
39.88,1.34084,-2.83899,154.527,-7.05162,36.9442,5.97604,-3.90113,-39.0055
39.92,1.22785,-2.80062,154.24,-7.30622,37.07,6.14829,-4.05365,-39.2184
39.96,1.11769,-2.69473,153.942,-7.65269,37.1827,6.32609,-4.18989,-39.4341
40,1.01339,-2.50487,153.627,-8.09284,37.2752,6.48773,-4.28835,-39.6367
40.04,0.91862,-2.21645,153.293,-8.64645,37.3496,6.62469,-4.34785,-39.8087
